City_ID,City,Lat,Lng,Max Temp,Humidity,Cloudiness,Wind Speed,Country,Date
0,Jamestown,42.097,-79.2353,74.84,64,1,8.05,US,2021-06-07 01:34:21
1,Sangmelima,2.9333,11.9833,66.6,99,100,2.01,CM,2021-06-07 01:38:05
2,Mataura,-46.1927,168.8643,49.48,63,0,3.78,NZ,2021-06-07 01:38:05
3,Bhadasar,28.2833,74.3167,92.79,35,0,18.72,IN,2021-06-07 01:38:06
4,Rikitea,-23.1203,-134.9692,76.39,85,100,16.15,PF,2021-06-07 01:38:06
5,Manakara,-22.1333,48.0167,66.81,81,100,9.19,MG,2021-06-07 01:38:06
6,Hilo,19.7297,-155.09,83.28,73,90,13.8,US,2021-06-07 01:37:49
7,Corinto,37.9407,22.9573,73.69,69,35,6.02,GR,2021-06-07 01:38:07
8,Tamandare,-8.7597,-35.1047,75.11,86,20,6.33,BR,2021-06-07 01:38:07
9,Busselton,-33.65,115.3333,58.1,61,21,8.61,AU,2021-06-07 01:38:07
10,Georgetown,5.4112,100.3354,84.13,86,20,1.01,MY,2021-06-07 01:35:07
11,Broken Hill,-31.95,141.4333,58.71,47,60,16.11,AU,2021-06-07 01:38:09
12,Ushuaia,-54.8,-68.3,42.46,65,40,20.71,AR,2021-06-07 01:37:21
13,Mar Del Plata,-38.0023,-57.5575,54.12,72,80,1.01,AR,2021-06-07 01:38:09
14,Ariquemes,-9.9133,-63.0408,77.43,80,100,0.49,BR,2021-06-07 01:35:32
15,Barrow,71.2906,-156.7887,32.02,86,90,14.97,US,2021-06-07 01:38:10
16,Punta Arenas,-53.15,-70.9167,35.71,87,0,10.02,CL,2021-06-07 01:38:10
17,Vaini,-21.2,-175.2,77.16,83,75,10.36,TO,2021-06-07 01:38:10
18,Albany,42.6001,-73.9662,76.87,70,25,2.84,US,2021-06-07 01:35:13
19,Port Alfred,-33.5906,26.891,62.47,36,0,9.46,ZA,2021-06-07 01:38:11
20,Hobart,-42.8794,147.3294,62.92,52,75,5.01,AU,2021-06-07 01:38:11
21,Manado,1.487,124.8455,86.77,74,40,2.08,ID,2021-06-07 01:38:11
22,Laguna,38.421,-121.4238,91.45,31,1,7.0,US,2021-06-07 01:37:40
23,Cherskiy,68.75,161.3,70.21,33,80,20.4,RU,2021-06-07 01:38:12
24,Cabo San Lucas,22.8909,-109.9124,96.8,40,1,0.0,MX,2021-06-07 01:37:02
25,Arraial Do Cabo,-22.9661,-42.0278,72.68,88,40,12.93,BR,2021-06-07 01:38:12
26,Atuona,-9.8,-139.0333,80.49,63,13,8.08,PF,2021-06-07 01:38:13
27,Bredasdorp,-34.5322,20.0403,56.52,47,6,8.41,ZA,2021-06-07 01:38:13
28,Vogar,63.9832,-22.3874,47.62,93,75,9.8,IS,2021-06-07 01:38:13
29,Port Lincoln,-34.7333,135.8667,64.47,57,13,27.45,AU,2021-06-07 01:38:14
30,Khatanga,71.9667,102.5,36.86,71,97,10.04,RU,2021-06-07 01:38:14
31,Weihe,32.9952,105.3247,77.79,48,100,1.01,CN,2021-06-07 01:38:14
32,Kuala Selangor,3.35,101.25,80.8,70,100,2.77,MY,2021-06-07 01:38:15
33,Kodiak,57.79,-152.4072,65.71,32,1,13.8,US,2021-06-07 01:33:16
34,Novyy Kostek,43.3353,46.8247,61.43,88,100,13.06,RU,2021-06-07 01:38:15
35,Evensk,61.95,159.2333,49.37,73,51,8.55,RU,2021-06-07 01:38:16
36,Namibe,-15.1961,12.1522,75.27,43,1,9.86,AO,2021-06-07 01:38:16
37,Sitka,57.0531,-135.33,53.49,62,90,4.61,US,2021-06-07 01:38:16
38,Mapiri,-15.25,-68.1667,67.71,98,99,0.4,BO,2021-06-07 01:38:17
39,Kushmurun,52.4503,64.6311,65.32,30,91,2.33,KZ,2021-06-07 01:38:17
40,Deputatskiy,69.3,139.9,48.69,46,82,11.01,RU,2021-06-07 01:38:17
41,Saint-Philippe,-21.3585,55.7679,71.19,83,98,17.29,RE,2021-06-07 01:38:17
42,Mahebourg,-20.4081,57.7,73.69,83,40,9.22,MU,2021-06-07 01:38:18
43,Rancho Palos Verdes,33.7445,-118.387,74.14,79,40,4.0,US,2021-06-07 01:38:18
44,Hithadhoo,-0.6,73.0833,82.98,72,9,12.21,MV,2021-06-07 01:38:18
45,Voi,-3.3945,38.563,65.84,89,97,6.29,KE,2021-06-07 01:38:19
46,Quelimane,-17.8786,36.8883,63.43,81,79,3.62,MZ,2021-06-07 01:38:19
47,Toora-Khem,52.4675,96.11,47.57,72,99,2.21,RU,2021-06-07 01:38:19
48,Bambous Virieux,-20.3428,57.7575,73.65,83,40,16.02,MU,2021-06-07 01:38:20
49,Boende,-0.2167,20.8667,69.48,99,100,1.68,CD,2021-06-07 01:38:20
50,Alofi,-19.0595,-169.9187,78.69,65,10,6.91,NU,2021-06-07 01:38:20
51,Oranjemund,-28.55,16.4333,65.71,34,0,20.58,NA,2021-06-07 01:38:20
52,Blagoveshchenka,52.8333,79.8667,66.25,43,5,1.9,RU,2021-06-07 01:38:21
53,Tiksi,71.6872,128.8694,45.0,58,100,2.13,RU,2021-06-07 01:38:21
54,Provideniya,64.3833,-173.3,37.51,70,75,11.18,RU,2021-06-07 01:38:21
55,Cape Town,-33.9258,18.4232,67.12,37,0,14.23,ZA,2021-06-07 01:37:54
56,Ossora,59.2353,163.0719,42.13,88,100,5.68,RU,2021-06-07 01:33:33
57,Jurilovca,44.7667,28.8667,56.01,66,0,7.16,RO,2021-06-07 01:38:22
58,Maceio,-9.6658,-35.7353,72.84,94,40,2.08,BR,2021-06-07 01:38:01
59,Butaritari,3.0707,172.7902,83.01,72,18,8.25,KI,2021-06-07 01:38:22
60,Obuasi,6.206,-1.6619,71.15,99,90,1.45,GH,2021-06-07 01:38:23
61,Northam,51.0333,-4.2167,53.29,95,55,4.52,GB,2021-06-07 01:38:23
62,Ribeira Grande,38.5167,-28.7,64.81,90,100,8.9,PT,2021-06-07 01:38:24
63,Port Hardy,50.6996,-127.4199,57.38,67,75,3.44,CA,2021-06-07 01:38:24
64,Bosaso,11.2842,49.1816,91.33,39,0,21.43,SO,2021-06-07 01:38:24
65,Puerto Ayora,-0.7393,-90.3518,71.55,96,32,7.0,EC,2021-06-07 01:38:24
66,Vao,-22.6667,167.4833,69.96,62,21,15.01,NC,2021-06-07 01:38:25
67,Montepuez,-13.1256,38.9997,60.48,89,21,8.9,MZ,2021-06-07 01:38:25
68,Sao Filipe,14.8961,-24.4956,73.76,77,18,8.59,CV,2021-06-07 01:38:25
69,Lakes Entrance,-37.8811,147.981,61.18,50,88,10.25,AU,2021-06-07 01:38:26
70,Ormara,25.2088,64.6357,83.7,71,98,6.31,PK,2021-06-07 01:38:26
71,Avarua,-21.2078,-159.775,75.25,69,90,5.75,CK,2021-06-07 01:38:19
72,Hamilton,39.1834,-84.5333,75.83,89,20,1.01,US,2021-06-07 01:38:26
73,Vostok,46.4856,135.8833,67.28,46,41,9.71,RU,2021-06-07 01:38:27
74,Iralaya,15.0,-83.2333,79.74,85,13,11.36,HN,2021-06-07 01:38:27
75,Merauke,-8.4667,140.3333,80.78,78,96,12.73,ID,2021-06-07 01:38:27
76,Maneadero,31.7167,-116.5667,65.1,72,11,3.0,MX,2021-06-07 01:38:28
77,Baykit,61.67,96.37,46.04,67,99,6.58,RU,2021-06-07 01:38:28
78,Tasiilaq,65.6145,-37.6368,39.36,89,94,3.6,GL,2021-06-07 01:38:28
79,Hobyo,5.3505,48.5268,78.12,82,8,18.12,SO,2021-06-07 01:38:28
80,Thunder Bay,48.4001,-89.3168,84.18,42,20,12.66,CA,2021-06-07 01:36:41
81,Bluff,-46.6,168.3333,49.8,71,7,8.05,NZ,2021-06-07 01:38:29
82,Roma,43.2128,-75.4557,77.43,73,1,9.22,US,2021-06-07 01:38:29
83,Alice Springs,-23.7,133.8833,62.15,36,20,3.96,AU,2021-06-07 01:38:29
84,Tadine,-21.55,167.8833,72.57,65,100,14.38,NC,2021-06-07 01:38:30
85,Dikson,73.5069,80.5464,29.93,93,100,14.29,RU,2021-06-07 01:38:30
86,Camacupa,-12.0167,17.4833,51.01,61,52,0.65,AO,2021-06-07 01:38:30
87,Lipari,38.4674,14.954,72.73,72,57,2.39,IT,2021-06-07 01:38:31
88,Shimoda,34.6667,138.95,71.96,87,100,2.55,JP,2021-06-07 01:38:31
89,Kjopsvik,68.097,16.3742,54.05,59,100,1.16,NO,2021-06-07 01:38:31
90,Faanui,-16.4833,-151.75,81.39,76,38,11.3,PF,2021-06-07 01:38:32
91,Qaanaaq,77.484,-69.3632,39.76,73,58,6.15,GL,2021-06-07 01:38:32
92,Lorengau,-2.0226,147.2712,84.81,65,48,3.53,PG,2021-06-07 01:38:32
93,New Norfolk,-42.7826,147.0587,62.58,54,100,3.0,AU,2021-06-07 01:38:33
94,Wasilla,61.5814,-149.4394,71.58,53,1,8.05,US,2021-06-07 01:38:33
95,Ahipara,-35.1667,173.1667,61.23,89,97,10.47,NZ,2021-06-07 01:38:33
96,Srivardhan,18.0333,73.0167,82.81,74,100,4.27,IN,2021-06-07 01:38:34
97,Chokurdakh,70.6333,147.9167,42.31,58,79,5.99,RU,2021-06-07 01:38:34
98,Qaqortoq,60.7167,-46.0333,54.1,86,100,5.32,GL,2021-06-07 01:38:34
99,Mount Gambier,-37.8333,140.7667,60.71,63,100,20.71,AU,2021-06-07 01:38:35
100,Kedrovyy,56.1667,91.8167,57.61,77,99,11.68,RU,2021-06-07 01:38:35
101,La Ronge,55.1001,-105.2842,62.85,55,75,6.91,CA,2021-06-07 01:38:35
102,Castro,-24.7911,-50.0119,59.65,73,100,3.51,BR,2021-06-07 01:38:36
103,Komsomolskiy,40.4272,71.7189,77.72,33,77,2.3,UZ,2021-06-07 01:38:36
104,Esperance,-33.8667,121.9,58.84,60,100,25.28,AU,2021-06-07 01:38:36
105,Ponta Do Sol,32.6667,-17.1,66.83,76,13,5.53,PT,2021-06-07 01:38:37
106,Little Current,45.9793,-81.9248,69.89,74,1,9.13,CA,2021-06-07 01:38:37
107,Itoman,26.1247,127.6694,78.82,86,75,11.5,JP,2021-06-07 01:38:37
108,Vila,42.0304,-8.1588,52.74,80,100,3.58,PT,2021-06-07 01:38:38
109,Nikolskoye,59.7035,30.7861,56.39,87,98,3.38,RU,2021-06-07 01:38:38
110,Aktash,50.3,87.7333,45.27,46,8,3.69,RU,2021-06-07 01:38:38
111,Tautira,-17.7333,-149.15,84.22,71,7,9.89,PF,2021-06-07 01:38:39
112,Bonavista,48.6499,-53.1147,37.4,82,90,9.1,CA,2021-06-07 01:35:12
113,Constitucion,-35.3333,-72.4167,52.03,66,100,5.17,CL,2021-06-07 01:38:39
114,Ambilobe,-13.2,49.05,68.59,93,69,3.22,MG,2021-06-07 01:38:39
115,Padang,-0.9492,100.3543,82.89,63,19,0.6,ID,2021-06-07 01:38:39
116,Longyearbyen,78.2186,15.6401,35.44,80,0,5.75,SJ,2021-06-07 01:38:40
117,Staryy Nadym,65.6118,72.6842,41.07,58,21,9.66,RU,2021-06-07 01:38:40
118,Sechura,-5.5569,-80.8222,69.31,77,100,13.29,PE,2021-06-07 01:38:40
119,Ust-Kuyga,70.0167,135.6,56.23,38,99,8.79,RU,2021-06-07 01:38:41
120,Ivanishchi,55.7742,40.4273,54.88,96,89,3.8,RU,2021-06-07 01:38:41
121,Tuatapere,-46.1333,167.6833,49.82,70,4,4.16,NZ,2021-06-07 01:38:41
122,Portland,45.5234,-122.6762,61.27,76,90,3.0,US,2021-06-07 01:38:42
123,Havoysund,70.9963,24.6622,47.28,63,7,8.7,NO,2021-06-07 01:38:42
124,Mogadishu,2.0371,45.3438,78.66,86,66,19.19,SO,2021-06-07 01:38:42
125,Aklavik,68.2191,-135.0107,48.92,37,12,9.01,CA,2021-06-07 01:38:43
126,Kahului,20.8947,-156.47,86.02,65,40,23.02,US,2021-06-07 01:38:43
127,Bulgan,48.8125,103.5347,37.87,97,100,7.43,MN,2021-06-07 01:38:43
128,Saint-Francois,46.4154,3.9054,60.48,92,90,4.61,FR,2021-06-07 01:38:44
129,Saskylakh,71.9167,114.0833,42.66,47,100,7.05,RU,2021-06-07 01:38:44
130,Rorvik,64.8621,11.2373,53.19,97,100,8.48,NO,2021-06-07 01:38:44
131,Lobamba,-26.4667,31.2,46.06,88,2,4.83,SZ,2021-06-07 01:38:44
132,Lebu,-37.6167,-73.65,47.19,83,96,6.87,CL,2021-06-07 01:38:45
133,Salalah,17.0151,54.0924,84.29,89,75,4.61,OM,2021-06-07 01:38:45
134,Necochea,-38.5473,-58.7368,45.03,59,100,9.06,AR,2021-06-07 01:38:45
135,Guerrero Negro,27.9769,-114.0611,63.88,74,83,16.42,MX,2021-06-07 01:38:46
136,Iqaluit,63.7506,-68.5145,33.53,86,75,5.99,CA,2021-06-07 01:38:46
137,Kapaa,22.0752,-159.319,84.18,67,20,4.0,US,2021-06-07 01:37:53
138,Yellowknife,62.456,-114.3525,48.72,57,75,7.0,CA,2021-06-07 01:38:46
139,Tuktoyaktuk,69.4541,-133.0374,37.4,70,75,14.97,CA,2021-06-07 01:38:46
140,Bengkulu,-3.8004,102.2655,80.2,76,28,1.72,ID,2021-06-07 01:38:47
141,Kavieng,-2.5744,150.7967,83.77,69,12,5.46,PG,2021-06-07 01:38:47
142,Dudinka,69.4058,86.1778,33.06,89,98,7.52,RU,2021-06-07 01:38:47
143,Sao Joao Da Barra,-21.6403,-41.0511,73.44,87,100,12.5,BR,2021-06-07 01:38:48
144,Booue,-0.0921,11.9385,72.41,97,100,1.1,GA,2021-06-07 01:38:48
145,Marawi,7.9986,124.2928,77.65,58,41,1.95,PH,2021-06-07 01:38:48
146,Narsaq,60.9167,-46.05,53.82,76,100,2.51,GL,2021-06-07 01:38:48
147,Oneonta,42.4529,-75.0638,76.51,70,14,3.4,US,2021-06-07 01:38:49
148,Trairi,-3.2778,-39.2689,76.14,87,8,6.2,BR,2021-06-07 01:36:02
149,East London,-33.0153,27.9116,62.6,39,0,10.71,ZA,2021-06-07 01:38:49
150,Mehamn,71.0357,27.8492,41.23,65,1,4.47,NO,2021-06-07 01:38:49
151,Talnakh,69.4865,88.3972,32.0,95,100,5.93,RU,2021-06-07 01:38:50
152,Mindelo,16.8901,-24.9804,72.95,78,20,24.0,CV,2021-06-07 01:38:50
153,Verkhoyansk,67.5447,133.385,58.03,31,100,7.34,RU,2021-06-07 01:38:50
154,Saldanha,-33.0117,17.9442,69.85,37,1,27.89,ZA,2021-06-07 01:38:51
155,Najran,17.4924,44.1277,75.85,35,49,8.03,SA,2021-06-07 01:38:51
156,Ohara,35.25,140.3833,73.69,80,100,0.43,JP,2021-06-07 01:38:51
157,Gander,48.9682,-54.5906,39.33,80,75,4.0,CA,2021-06-07 01:38:51
158,Nome,64.5011,-165.4064,36.16,86,90,10.36,US,2021-06-07 01:38:52
159,Yumen,40.2833,97.2,65.5,12,66,12.82,CN,2021-06-07 01:38:52
160,Vardo,70.3705,31.1107,39.22,72,6,4.85,NO,2021-06-07 01:38:52
161,Stornoway,58.2093,-6.3865,49.96,93,100,9.22,GB,2021-06-07 01:38:52
162,Aykhal,66.0,111.5,40.21,90,53,27.94,RU,2021-06-07 01:38:53
163,Chuy,-33.6971,-53.4616,50.25,79,8,6.51,UY,2021-06-07 01:38:53
164,Upernavik,72.7868,-56.1549,35.8,83,21,4.65,GL,2021-06-07 01:38:53
165,Kloulklubed,7.0419,134.2556,75.7,77,100,9.08,PW,2021-06-07 01:38:54
166,Pisco,-13.7,-76.2167,63.01,88,20,3.44,PE,2021-06-07 01:38:54
167,Itupiranga,-5.1347,-49.3267,77.85,73,57,2.01,BR,2021-06-07 01:38:54
168,Fortuna,40.5982,-124.1573,66.18,63,1,7.0,US,2021-06-07 01:38:55
169,Pemba,-12.974,40.5178,66.9,82,20,9.22,MZ,2021-06-07 01:38:55
170,Sangar,63.9242,127.4739,44.64,92,100,5.12,RU,2021-06-07 01:38:55
171,Namtsy,62.7161,129.6658,64.51,68,99,10.87,RU,2021-06-07 01:38:56
172,Richards Bay,-28.783,32.0377,57.24,80,0,7.63,ZA,2021-06-07 01:37:31
173,Tura,25.5198,90.2201,77.92,88,46,5.44,IN,2021-06-07 01:38:56
174,Bethel,41.3712,-73.414,79.68,72,74,1.01,US,2021-06-07 01:38:56
175,Calama,-22.4667,-68.9333,41.49,15,0,16.11,CL,2021-06-07 01:37:45
176,Yining,29.0361,114.5636,85.53,53,60,0.25,CN,2021-06-07 01:38:57
177,Tarakan,3.3,117.6333,83.7,84,40,2.3,ID,2021-06-07 01:38:57
178,Edson,53.5835,-116.4356,57.34,47,1,5.75,CA,2021-06-07 01:36:40
179,Bathsheba,13.2167,-59.5167,81.21,69,40,19.84,BB,2021-06-07 01:38:49
180,Buala,-8.145,159.5921,84.58,72,60,8.81,SB,2021-06-07 01:38:57
181,Umm Lajj,25.0213,37.2685,81.77,51,0,10.36,SA,2021-06-07 01:38:58
182,Virginia Beach,36.8529,-75.978,83.01,81,20,5.75,US,2021-06-07 01:37:42
183,Ilulissat,69.2167,-51.1,37.42,87,0,2.3,GL,2021-06-07 01:38:58
184,Vanimo,-2.6741,141.3028,82.87,77,72,8.39,PG,2021-06-07 01:38:58
185,Beloit,42.5084,-89.0318,84.29,45,75,8.21,US,2021-06-07 01:38:59
186,Torbay,47.6666,-52.7314,40.28,93,90,9.22,CA,2021-06-07 01:38:59
187,Naze,28.3667,129.4833,76.12,93,100,6.82,JP,2021-06-07 01:38:59
188,Lagoa,39.05,-27.9833,63.52,88,100,13.04,PT,2021-06-07 01:38:59
189,Sisimiut,66.9395,-53.6735,41.04,88,100,1.74,GL,2021-06-07 01:39:00
190,Teya,60.3778,92.6267,47.48,92,100,8.86,RU,2021-06-07 01:39:00
191,Kruisfontein,-34.0033,24.7314,54.7,27,0,8.25,ZA,2021-06-07 01:39:01
192,Paracatu,-17.2222,-46.8747,67.6,62,100,1.34,BR,2021-06-07 01:39:02
193,Lubao,14.9167,120.55,91.11,59,76,4.79,PH,2021-06-07 01:39:02
194,Bilibino,68.0546,166.4372,70.29,35,6,13.87,RU,2021-06-07 01:39:02
195,Atasu,48.6814,71.6433,63.25,34,100,12.66,KZ,2021-06-07 01:39:03
196,Nouadhibou,20.931,-17.0347,67.98,77,100,18.41,MR,2021-06-07 01:39:03
197,Tessalit,20.1986,1.0114,91.15,11,0,7.58,ML,2021-06-07 01:39:03
198,Carnarvon,-24.8667,113.6333,64.47,63,100,11.5,AU,2021-06-07 01:39:04
199,Pa Daet,19.5049,99.9924,81.16,87,100,3.36,TH,2021-06-07 01:39:04
200,Faya,18.3851,42.4509,66.31,44,9,2.39,SA,2021-06-07 01:39:04
201,Tucuman,-26.8241,-65.2226,57.2,72,96,1.81,AR,2021-06-07 01:39:05
202,Ziarat,30.3823,67.7282,69.1,43,0,4.03,PK,2021-06-07 01:39:05
203,Haines Junction,60.7522,-137.5108,53.55,62,100,5.75,CA,2021-06-07 01:39:05
204,Aracati,-4.5617,-37.7697,77.54,82,68,9.35,BR,2021-06-07 01:38:23
205,Paamiut,61.994,-49.6678,38.03,97,100,4.25,GL,2021-06-07 01:39:06
206,Progreso,21.2833,-89.6667,91.51,66,100,12.64,MX,2021-06-07 01:39:06
207,Avera,33.194,-82.5271,75.25,94,100,8.95,US,2021-06-07 01:37:43
208,Port Hedland,-20.3167,118.5667,80.65,24,75,18.41,AU,2021-06-07 01:39:07
209,Riyadh,24.6877,46.7219,89.74,17,0,0.0,SA,2021-06-07 01:38:50
210,Van,38.4924,43.3831,51.15,62,0,4.61,TR,2021-06-07 01:39:07
211,Grand Gaube,-20.0064,57.6608,73.8,84,11,3.0,MU,2021-06-07 01:39:07
212,Luang Prabang,19.8856,102.1347,80.56,78,75,0.0,LA,2021-06-07 01:39:08
213,Clyde River,70.4692,-68.5914,34.03,93,90,17.27,CA,2021-06-07 01:39:08
214,Dunedin,-45.8742,170.5036,54.81,63,73,8.99,NZ,2021-06-07 01:37:17
215,Nanortalik,60.1432,-45.2371,42.82,76,100,11.23,GL,2021-06-07 01:39:08
216,Menongue,-14.6585,17.691,47.62,66,13,5.17,AO,2021-06-07 01:39:09
217,Agadez,19.75,10.25,90.0,13,100,17.69,NE,2021-06-07 01:39:09
218,Port-Gentil,-0.7193,8.7815,78.33,87,100,9.19,GA,2021-06-07 01:39:09
219,Saint-Joseph,-21.3667,55.6167,70.18,84,96,16.64,RE,2021-06-07 01:39:10
220,Te Anau,-45.4167,167.7167,47.62,76,1,0.76,NZ,2021-06-07 01:39:10
221,Amarillo,35.222,-101.8313,84.61,61,1,8.01,US,2021-06-07 01:39:10
222,Dymer,50.7865,30.3026,57.96,94,72,6.98,UA,2021-06-07 01:39:11
223,Gizo,-8.103,156.8419,84.47,69,53,3.98,SB,2021-06-07 01:39:11
224,Acapulco,16.8634,-99.8901,85.82,74,75,8.03,MX,2021-06-07 01:38:40
225,Mithi,24.7318,69.7981,84.65,70,0,16.75,PK,2021-06-07 01:39:11
226,San Patricio,28.017,-97.5169,84.92,88,2,14.0,US,2021-06-07 01:39:12
227,Saint George,37.1041,-113.5841,99.19,9,1,3.0,US,2021-06-07 01:39:12
228,Korla,41.7597,86.1469,77.16,29,49,8.77,CN,2021-06-07 01:39:12
229,Ketchikan,55.3422,-131.6461,55.38,76,75,11.5,US,2021-06-07 01:39:13
230,Kasongo-Lunda,-6.4667,16.8167,66.36,50,9,0.02,CD,2021-06-07 01:39:13
231,Abnub,27.2696,31.1511,71.82,46,91,12.28,EG,2021-06-07 01:39:13
232,Harper,4.375,-7.7169,78.19,86,100,10.13,LR,2021-06-07 01:39:14
233,Thompson,55.7435,-97.8558,57.36,88,90,6.91,CA,2021-06-07 01:39:14
234,Mutoko,-17.397,32.2268,43.52,91,67,4.18,ZW,2021-06-07 01:34:14
235,Andapa,-14.65,49.65,65.41,98,100,2.57,MG,2021-06-07 01:39:14
236,Barcelos,41.5388,-8.6151,62.92,87,21,1.36,PT,2021-06-07 01:39:15
237,Lufilufi,-13.8745,-171.5986,89.38,73,21,2.8,WS,2021-06-07 01:39:15
238,Caravelas,-17.7125,-39.2481,72.46,84,40,4.61,BR,2021-06-07 01:39:15
239,Abu Dhabi,24.4667,54.3667,89.62,66,0,13.22,AE,2021-06-07 01:35:04
240,Kinkala,-4.3614,14.7644,71.91,82,6,3.06,CG,2021-06-07 01:39:16
241,Zhangjiakou,40.81,114.8794,74.68,34,93,13.13,CN,2021-06-07 01:35:28
242,Opotiki,-38.0833,177.2833,63.39,67,100,4.43,NZ,2021-06-07 01:39:16
243,Rio Gallegos,-51.6226,-69.2181,41.05,70,40,9.22,AR,2021-06-07 01:39:16
244,Hermanus,-34.4187,19.2345,66.9,46,3,11.86,ZA,2021-06-07 01:39:17
245,Pamplona,42.8169,-1.6432,53.65,82,0,2.3,ES,2021-06-07 01:39:17
246,Coaldale,49.7167,-112.6185,63.55,30,90,11.3,CA,2021-06-07 01:39:17
247,Sorland,67.667,12.6934,50.43,96,100,6.24,NO,2021-06-07 01:39:18
248,Margate,51.3813,1.3862,61.03,80,22,1.01,GB,2021-06-07 01:39:18
249,Kisangani,0.5167,25.2,70.25,99,100,1.25,CD,2021-06-07 01:39:18
250,Tateyama,34.9833,139.8667,75.15,86,100,3.74,JP,2021-06-07 01:39:19
251,Kidal,18.4411,1.4078,91.49,14,15,3.42,ML,2021-06-07 01:39:19
252,Kribi,2.95,9.9167,76.01,91,100,1.39,CM,2021-06-07 01:39:19
253,Rio Grande,-32.035,-52.0986,48.31,77,17,9.95,BR,2021-06-07 01:39:20
254,Castrolibero,39.3081,16.1944,61.66,86,2,4.03,IT,2021-06-07 01:39:20
255,Urumqi,43.801,87.6005,65.35,37,0,3.53,CN,2021-06-07 01:36:19
256,Dom Pedrito,-30.9828,-54.6731,49.93,83,1,10.8,BR,2021-06-07 01:37:21
257,Leningradskiy,69.3833,178.4167,43.83,64,14,17.92,RU,2021-06-07 01:39:21
258,Horsham,51.064,-0.3272,60.66,91,12,2.77,GB,2021-06-07 01:39:22
259,Mala Tokmachka,47.5356,35.8929,57.76,93,65,6.49,UA,2021-06-07 01:39:22
260,Half Moon Bay,37.4636,-122.4286,75.99,61,1,14.97,US,2021-06-07 01:35:33
261,Manuk Mangkaw,4.8,119.85,83.16,73,98,5.97,PH,2021-06-07 01:39:22
262,Victoria,22.2855,114.1577,85.96,79,72,5.01,HK,2021-06-07 01:35:49
263,Praia,14.9215,-23.5087,77.54,47,20,21.85,CV,2021-06-07 01:39:23
264,Mazagao,-0.115,-51.2894,78.85,95,11,3.98,BR,2021-06-07 01:39:23
265,Cairns,-16.9167,145.7667,78.12,75,75,10.36,AU,2021-06-07 01:39:23
266,Thinadhoo,0.5333,72.9333,82.85,73,21,11.9,MV,2021-06-07 01:35:37
267,Kalang,5.9197,121.3631,84.07,71,79,4.74,PH,2021-06-07 01:39:24
268,Inndyr,67.0338,14.0276,56.64,93,100,2.48,NO,2021-06-07 01:39:24
269,Manta,-0.95,-80.7333,73.18,83,90,10.36,EC,2021-06-07 01:39:24
270,Karakulino,56.012,53.7067,59.79,71,0,1.12,RU,2021-06-07 01:39:25
271,Luderitz,-26.6481,15.1594,66.85,33,0,12.33,NA,2021-06-07 01:38:50
272,Krasnoselkup,65.7,82.4667,37.62,65,90,12.19,RU,2021-06-07 01:39:25
273,Severo-Kurilsk,50.6789,156.125,44.06,92,100,13.96,RU,2021-06-07 01:39:25
274,Louga,58.7372,29.8453,54.19,78,88,2.77,RU,2021-06-07 01:39:26
275,Micco,27.8806,-80.5003,82.02,79,100,1.01,US,2021-06-07 01:39:26
276,Aswan,24.0934,32.907,80.15,19,0,12.28,EG,2021-06-07 01:39:26
277,Cam Ranh,11.9214,109.1591,91.36,52,20,4.0,VN,2021-06-07 01:39:27
278,Sept-Iles,50.2001,-66.3821,51.06,80,40,1.99,CA,2021-06-07 01:39:27
279,Myanaung,18.2833,95.3167,89.17,56,97,3.85,MM,2021-06-07 01:39:27
280,Escanaba,45.7453,-87.0646,80.67,77,1,9.22,US,2021-06-07 01:36:52
281,Kamina,-8.7386,24.9906,58.73,76,6,3.8,CD,2021-06-07 01:39:28
282,Micheweni,-4.9667,39.8333,77.63,77,45,16.69,TZ,2021-06-07 01:39:28
283,Souillac,-20.5167,57.5167,73.78,83,40,14.52,MU,2021-06-07 01:39:28
284,Alyangula,-13.8483,136.4192,80.47,65,39,8.84,AU,2021-06-07 01:39:29
285,Kutum,14.2,24.6667,75.09,19,15,4.0,SD,2021-06-07 01:39:29
286,Mackay,-21.15,149.2,75.04,64,90,12.66,AU,2021-06-07 01:39:29
287,Hlotse,-28.8718,28.045,36.55,76,0,3.38,LS,2021-06-07 01:39:30
288,Palmer,42.1584,-72.3287,79.41,73,64,5.46,US,2021-06-07 01:39:30
289,Newport,51.5877,-2.9984,58.44,88,24,5.03,GB,2021-06-07 01:39:30
290,Husavik,66.0449,-17.3389,48.11,73,38,6.67,IS,2021-06-07 01:39:30
291,Porto Murtinho,-21.6989,-57.8825,69.67,92,65,4.38,BR,2021-06-07 01:39:31
292,Kaeo,-35.1,173.7833,62.33,97,100,10.2,NZ,2021-06-07 01:39:31
293,Anadyr,64.75,177.4833,45.1,61,40,7.72,RU,2021-06-07 01:39:31
294,Hasaki,35.7333,140.8333,73.8,79,100,2.13,JP,2021-06-07 01:39:32
295,Imeni Poliny Osipenko,52.4201,136.4853,61.59,57,84,5.64,RU,2021-06-07 01:39:32
296,Santiago Del Estero,-27.7951,-64.2615,59.45,74,78,4.7,AR,2021-06-07 01:39:09
297,Katherine,-14.4667,132.2667,80.92,50,90,7.85,AU,2021-06-07 01:39:32
298,Iranshahr,27.2025,60.6848,89.06,47,0,0.78,IR,2021-06-07 01:39:33
299,Nenjiang,49.1833,125.2167,71.04,49,57,9.33,CN,2021-06-07 01:39:33
300,Kaabong,3.4836,34.1492,64.49,61,47,9.64,UG,2021-06-07 01:39:33
301,Pagudpud,18.5616,120.7868,87.76,63,100,5.66,PH,2021-06-07 01:39:34
302,Kaitangata,-46.2817,169.8464,55.92,65,1,7.78,NZ,2021-06-07 01:39:34
303,Takoradi,4.8845,-1.7554,79.07,84,31,8.01,GH,2021-06-07 01:39:34
304,Pavlovsk,50.4578,40.1081,53.4,95,78,4.94,RU,2021-06-07 01:39:34
305,Nogliki,51.8333,143.1667,41.47,92,100,17.13,RU,2021-06-07 01:39:35
306,Shelburne,44.0787,-80.2041,78.69,70,37,8.37,CA,2021-06-07 01:39:35
307,Tianpeng,30.9866,103.9393,76.64,46,100,2.66,CN,2021-06-07 01:39:35
308,Brae,60.3964,-1.353,44.51,82,93,2.59,GB,2021-06-07 01:39:36
309,Burgeo,47.6167,-57.6152,48.69,85,50,10.58,CA,2021-06-07 01:39:36
310,Galle,6.0367,80.217,81.21,82,100,10.74,LK,2021-06-07 01:35:48
311,Ostrovnoy,68.0531,39.5131,38.53,81,19,6.4,RU,2021-06-07 01:39:37
312,Mochalishche,56.3306,48.3547,61.57,86,9,1.74,RU,2021-06-07 01:39:37
313,Kulhudhuffushi,6.6221,73.07,82.18,78,94,14.5,MV,2021-06-07 01:39:37
314,Ciudad Bolivar,8.1222,-63.5497,78.31,77,32,13.38,VE,2021-06-07 01:39:38
315,Athabasca,54.7169,-113.2854,66.02,55,32,6.58,CA,2021-06-07 01:39:38
316,Pangnirtung,66.1451,-65.7125,27.18,92,92,3.8,CA,2021-06-07 01:39:38
317,Inyonga,-6.7167,32.0667,58.62,83,6,5.48,TZ,2021-06-07 01:39:39
318,Bolotnoye,55.6717,84.3981,62.04,77,7,12.33,RU,2021-06-07 01:39:39
319,Kandrian,-6.2167,149.55,82.15,78,100,3.18,PG,2021-06-07 01:39:39
320,Ilyich,40.8464,68.5067,85.98,31,99,10.4,KZ,2021-06-07 01:39:40
321,Do Gonbadan,30.3586,50.7981,87.89,11,0,0.0,IR,2021-06-07 01:39:40
322,Vega De Alatorre,20.0333,-96.6333,82.18,83,56,10.74,MX,2021-06-07 01:39:40
323,Kysyl-Syr,63.8986,122.7617,46.76,83,100,11.34,RU,2021-06-07 01:39:41
324,Corrente,-3.7367,-43.3394,73.45,78,12,2.59,BR,2021-06-07 01:39:41
325,Marrakesh,31.6315,-8.0083,77.07,50,40,4.61,MA,2021-06-07 01:39:41
326,Touros,-5.1989,-35.4608,76.1,86,7,12.33,BR,2021-06-07 01:39:42
327,Codrington,-38.2667,141.9667,63.3,52,100,24.96,AU,2021-06-07 01:39:42
328,Kemi,65.8596,24.8228,49.77,62,0,4.92,FI,2021-06-07 01:39:42
329,Itarema,-2.9248,-39.9167,76.41,86,7,7.92,BR,2021-06-07 01:39:42
330,Cap Malheureux,-19.9842,57.6142,73.89,84,11,3.0,MU,2021-06-07 01:37:19
331,Oume,35.7839,139.2431,77.02,72,20,4.7,JP,2021-06-07 01:39:43
332,Airai,-8.9266,125.4092,70.97,50,97,2.98,TL,2021-06-07 01:39:43
333,Ansalta,42.6894,46.1178,50.31,92,72,2.19,RU,2021-06-07 01:39:43
334,Nizwa,22.9333,57.5333,83.75,57,5,3.44,OM,2021-06-07 01:39:44
335,Rucheng,32.3883,120.5553,90.0,26,100,10.27,CN,2021-06-07 01:39:44
336,Dongsheng,39.8161,109.9776,74.59,27,100,13.0,CN,2021-06-07 01:39:44
337,Ejido,8.5514,-71.2375,68.22,89,100,4.65,VE,2021-06-07 01:39:45
338,Asau,46.4333,26.4,54.95,78,39,5.08,RO,2021-06-07 01:39:45
339,Turukhansk,65.8167,87.9833,37.94,62,70,9.33,RU,2021-06-07 01:39:45
340,Kashiwazaki,37.3667,138.55,80.89,54,99,5.32,JP,2021-06-07 01:39:45
341,Akyab,20.15,92.9,83.26,81,100,7.94,MM,2021-06-07 01:39:46
342,Kushiro,42.975,144.3747,74.35,49,40,9.69,JP,2021-06-07 01:39:46
343,Seoul,37.5683,126.9778,72.36,66,75,6.96,KR,2021-06-07 01:35:14
344,Tazmalt,36.3868,4.3989,63.61,92,8,3.0,DZ,2021-06-07 01:39:46
345,Ardakan,32.31,54.0175,86.38,11,0,3.0,IR,2021-06-07 01:39:47
346,Amapa,1.0,-52.0,71.49,99,53,1.77,BR,2021-06-07 01:39:47
347,Marzuq,14.4,46.4667,78.82,39,49,5.23,YE,2021-06-07 01:39:47
348,Dharchula,29.85,80.5333,77.86,52,21,1.34,IN,2021-06-07 01:39:47
349,Narasannapeta,18.4167,84.05,88.39,65,65,11.81,IN,2021-06-07 01:39:48
350,Khuzhir,53.1939,107.3397,47.17,69,100,5.59,RU,2021-06-07 01:39:48
351,Verkhnyaya Inta,65.9811,60.3094,37.8,69,100,10.6,RU,2021-06-07 01:39:48
352,Yichang,30.7144,111.2847,88.07,60,98,3.67,CN,2021-06-07 01:39:49
353,Port Elizabeth,-33.918,25.5701,57.49,41,0,9.22,ZA,2021-06-07 01:39:49
354,Urmary,55.6789,47.944,60.78,84,8,3.4,RU,2021-06-07 01:39:49
355,Warmbad,-28.45,18.7333,55.96,39,0,23.0,NA,2021-06-07 01:39:50
356,Atar,20.5169,-13.0499,90.91,16,5,15.01,MR,2021-06-07 01:39:50
357,Parana,-31.732,-60.5238,52.57,73,6,7.96,AR,2021-06-07 01:39:50
358,Zaltan,32.947,11.8665,75.0,59,95,8.39,LY,2021-06-07 01:39:50
359,Tazovskiy,67.4667,78.7,35.15,76,86,9.51,RU,2021-06-07 01:39:51
360,Bandar,2.05,99.75,83.68,61,50,0.31,ID,2021-06-07 01:39:52
361,Neiafu,-18.65,-173.9833,83.08,69,75,8.05,TO,2021-06-07 01:39:53
362,Surt,31.2089,16.5887,73.11,40,0,10.71,LY,2021-06-07 01:39:53
363,Hofn,64.2539,-15.2082,47.46,96,100,17.13,IS,2021-06-07 01:39:53
364,Morondava,-20.2833,44.2833,71.26,54,6,14.12,MG,2021-06-07 01:39:54
365,Prince Rupert,54.3161,-130.3201,53.69,79,75,6.91,CA,2021-06-07 01:39:02
366,Kulunda,52.566,78.9385,68.09,38,4,1.92,RU,2021-06-07 01:39:54
367,Harlingen,26.1906,-97.6961,86.34,70,1,14.97,US,2021-06-07 01:37:41
368,Dera Bugti,29.0307,69.151,88.77,48,0,4.7,PK,2021-06-07 01:39:55
369,Inuvik,68.3499,-133.7218,48.96,48,20,10.36,CA,2021-06-07 01:39:55
370,Sola,-13.8833,167.55,80.51,73,49,13.8,VU,2021-06-07 01:39:55
371,Pangai,-19.8,-174.35,82.51,61,75,8.05,TO,2021-06-07 01:39:56
372,Fairbanks,64.8378,-147.7164,66.54,51,20,11.5,US,2021-06-07 01:35:31
373,Kokkola,63.8385,23.1307,55.92,99,20,2.59,FI,2021-06-07 01:39:56
374,Soltepec,19.1167,-97.7,61.38,67,100,2.57,MX,2021-06-07 01:39:56
375,Ndago,-4.6,34.35,59.38,72,28,12.15,TZ,2021-06-07 01:39:57
376,Qasigiannguit,68.8193,-51.1922,37.65,86,57,3.87,GL,2021-06-07 01:39:57
377,Chilmari,25.5559,89.6715,81.41,80,46,13.51,BD,2021-06-07 01:39:58
378,Tiznit,29.5833,-9.5,67.96,67,85,2.51,MA,2021-06-07 01:39:58
379,Kalemie,-5.9475,29.1947,72.3,76,32,13.06,CD,2021-06-07 01:39:58
380,Hailar,49.2,119.7,75.11,33,0,8.84,CN,2021-06-07 01:39:58
381,Vieira De Leiria,39.8695,-8.9324,61.3,88,90,10.36,PT,2021-06-07 01:39:59
382,Westport,41.1415,-73.3579,83.17,71,1,6.44,US,2021-06-07 01:39:59
383,College,64.8569,-147.8028,66.52,51,75,10.36,US,2021-06-07 01:39:59
384,La Paz,-16.5,-68.15,46.38,31,1,5.75,BO,2021-06-07 01:37:43
385,Kachiry,53.0675,76.1036,68.7,32,6,3.02,KZ,2021-06-07 01:40:00
386,Lasa,46.6166,10.7002,59.88,94,100,0.96,IT,2021-06-07 01:40:00
387,Sorsk,54.0033,90.2467,56.19,79,71,6.33,RU,2021-06-07 01:40:01
388,Coihaique,-45.5752,-72.0662,42.75,87,90,6.91,CL,2021-06-07 01:39:02
389,San Andres,12.5847,-81.7006,84.22,79,20,13.8,CO,2021-06-07 01:40:01
390,Doka,13.5167,35.7667,82.62,55,100,15.14,SD,2021-06-07 01:40:03
391,Belmonte,-15.8631,-38.8828,73.9,88,36,5.5,BR,2021-06-07 01:40:04
392,Varena,54.2167,24.5667,57.85,96,13,5.61,LT,2021-06-07 01:40:04
393,Leshukonskoye,64.8989,45.7622,39.56,59,7,7.43,RU,2021-06-07 01:40:05
394,Cockburn Town,21.4612,-71.1419,79.84,79,8,21.34,TC,2021-06-07 01:36:27
395,Atambua,-9.1061,124.8925,81.57,53,96,1.39,ID,2021-06-07 01:40:05
396,Anakapalle,17.6833,83.0167,84.15,62,35,9.71,IN,2021-06-07 01:40:05
397,Antofagasta,-23.65,-70.4,58.28,72,71,5.79,CL,2021-06-07 01:40:06
398,Mormugao,15.4,73.8,82.51,74,65,6.33,IN,2021-06-07 01:40:06
399,Buchanan,5.8808,-10.0467,75.16,88,94,6.73,LR,2021-06-07 01:40:06
400,Traverse City,44.7631,-85.6206,82.47,42,40,6.91,US,2021-06-07 01:40:07
401,Pevek,69.7008,170.3133,49.37,60,4,12.41,RU,2021-06-07 01:40:07
402,Aketi,2.7388,23.7833,68.86,100,95,0.22,CD,2021-06-07 01:40:08
403,Kemijarvi,66.7131,27.4306,48.94,55,0,5.1,FI,2021-06-07 01:40:08
404,Olafsvik,64.8945,-23.7142,46.58,88,100,2.33,IS,2021-06-07 01:40:08
405,Tumsar,21.3833,79.7333,90.82,48,16,7.61,IN,2021-06-07 01:40:09
406,Talcahuano,-36.7167,-73.1167,44.28,93,100,3.44,CL,2021-06-07 01:40:09
407,Saravan,39.7196,45.6483,54.25,66,0,4.41,AM,2021-06-07 01:40:10
408,Divnomorskoye,44.5011,38.1353,59.52,86,100,7.85,RU,2021-06-07 01:40:10
409,Semporna,4.4818,118.6112,84.4,87,100,4.94,MY,2021-06-07 01:40:10
410,Lensk,60.7253,114.9278,56.25,29,3,14.88,RU,2021-06-07 01:40:11
411,Jaque,7.5175,-78.1703,79.07,89,100,4.43,PA,2021-06-07 01:40:11
412,Bangangte,5.1409,10.5198,61.63,99,100,2.24,CM,2021-06-07 01:40:11
413,Lewiston,44.1003,-70.2148,82.58,68,1,9.22,US,2021-06-07 01:40:12
414,Shuangcheng,45.35,126.2833,71.28,51,0,2.46,CN,2021-06-07 01:40:12
415,Bhum,18.4667,75.6667,76.33,77,100,10.63,IN,2021-06-07 01:40:12
416,Zomba,-15.386,35.3188,54.43,92,94,5.23,MW,2021-06-07 01:40:13
417,Whitianga,-36.8333,175.7,59.02,88,100,20.71,NZ,2021-06-07 01:40:13
418,Okha,53.5739,142.9478,38.07,95,100,12.68,RU,2021-06-07 01:40:13
419,Liverpool,53.4106,-2.9779,59.14,75,98,0.92,GB,2021-06-07 01:35:45
420,Venustiano Carranza,19.43,-99.0992,73.38,33,75,4.0,MX,2021-06-07 01:39:52
421,Poum,-20.2333,164.0167,73.63,59,98,16.26,NC,2021-06-07 01:40:14
422,San Jose,37.3394,-121.895,76.71,38,20,8.99,US,2021-06-07 01:35:42
423,Belaya Gora,68.5333,146.4167,48.15,54,46,3.09,RU,2021-06-07 01:40:14
424,Zwedru,6.0667,-8.1281,72.25,99,75,1.39,LR,2021-06-07 01:40:14
425,Pangkalanbuun,-2.6833,111.6167,86.29,64,56,4.38,ID,2021-06-07 01:40:15
426,Hudiksvall,61.729,17.1036,57.52,67,100,2.91,SE,2021-06-07 01:40:15
427,Ca Mau,9.1769,105.15,88.52,60,84,13.06,VN,2021-06-07 01:38:07
428,Idrinskoye,54.3708,92.1358,51.82,83,92,6.17,RU,2021-06-07 01:40:16
429,San Carlos De Bariloche,-41.1456,-71.3082,40.75,65,90,7.2,AR,2021-06-07 01:40:16
430,Biltine,14.5333,20.9167,86.67,17,100,6.29,TD,2021-06-07 01:40:16
431,Mango,27.9797,-82.3065,84.11,83,40,0.0,US,2021-06-07 01:40:16
432,Roblin,51.23,-101.3565,58.87,65,0,14.05,CA,2021-06-07 01:40:17
433,Ostersund,63.1792,14.6357,54.61,100,90,6.91,SE,2021-06-07 01:40:17
434,Huarmey,-10.0681,-78.1522,64.49,86,90,6.22,PE,2021-06-07 01:38:51
435,Honiara,-9.4333,159.95,86.34,67,22,7.54,SB,2021-06-07 01:40:18
436,Scarborough,54.2797,-0.4044,55.22,90,48,2.84,GB,2021-06-07 01:40:18
437,Ballia,25.7557,84.1503,95.29,36,92,12.57,IN,2021-06-07 01:40:18
438,Sibolga,1.7427,98.7792,82.96,65,12,0.2,ID,2021-06-07 01:40:19
439,Romitan,39.9343,64.3814,82.35,39,0,14.34,UZ,2021-06-07 01:40:19
440,Muscatine,41.4667,-91.1335,82.56,61,1,6.87,US,2021-06-07 01:39:56
441,Klaksvik,62.2266,-6.589,49.12,96,100,5.64,FO,2021-06-07 01:40:19
442,Wanaka,-44.7,169.15,49.46,77,18,2.21,NZ,2021-06-07 01:39:31
443,Aksarka,66.5606,67.7975,39.47,52,4,4.99,RU,2021-06-07 01:40:20
444,Quebec,46.8123,-71.2145,74.39,69,75,1.14,CA,2021-06-07 01:36:50
445,Mildura,-34.2,142.15,62.08,51,40,14.97,AU,2021-06-07 01:40:20
446,Teahupoo,-17.8333,-149.2667,78.76,70,6,8.95,PF,2021-06-07 01:40:21
447,Buin,-33.7333,-70.75,60.73,56,100,2.24,CL,2021-06-07 01:40:21
448,Lewisporte,49.2499,-55.0482,44.13,83,100,2.59,CA,2021-06-07 01:40:21
449,Randfontein,-26.1844,27.702,45.7,86,0,6.67,ZA,2021-06-07 01:40:22
450,Yamada,39.4667,141.95,74.89,52,100,3.27,JP,2021-06-07 01:40:22
451,Norman Wells,65.282,-126.8329,53.64,58,75,4.61,CA,2021-06-07 01:40:22
452,Bowen,-20.0167,148.2333,71.82,71,99,14.25,AU,2021-06-07 01:40:23
453,Hay River,60.8156,-115.7999,48.18,61,75,5.75,CA,2021-06-07 01:39:59
454,Gamba,-2.65,10.0,74.86,96,100,5.84,GA,2021-06-07 01:40:23
455,Linjiang,41.8069,126.9078,71.96,44,0,3.09,CN,2021-06-07 01:40:23
456,Turtas,58.9417,69.1325,61.74,83,49,1.57,RU,2021-06-07 01:40:24
457,Santiago,-33.4569,-70.6483,59.85,60,90,2.3,CL,2021-06-07 01:37:52
458,Omboue,-1.5746,9.2618,75.49,96,100,5.77,GA,2021-06-07 01:40:24
459,Okhotsk,59.3833,143.3,48.02,76,100,7.25,RU,2021-06-07 01:40:25
460,Egvekinot,66.3167,-179.1667,41.49,52,3,0.94,RU,2021-06-07 01:40:25
461,Geraldton,-28.7667,114.6,60.13,72,100,16.71,AU,2021-06-07 01:40:25
462,Rengo,-34.4167,-70.8667,49.03,57,100,2.51,CL,2021-06-07 01:38:30
463,Mayor Pablo Lagerenza,-19.9309,-60.7718,64.49,89,81,5.1,PY,2021-06-07 01:40:26
464,Los Llanos De Aridane,28.6585,-17.9182,64.15,83,75,13.94,ES,2021-06-07 01:40:26
465,Balkanabat,39.5108,54.3671,72.36,60,0,5.99,TM,2021-06-07 01:40:27
466,Teguise,29.0605,-13.564,64.62,77,90,13.65,ES,2021-06-07 01:40:27
467,Acarau,-2.8856,-40.12,76.96,85,7,8.32,BR,2021-06-07 01:40:27
468,Rafai,4.95,23.9167,67.48,99,100,1.21,CF,2021-06-07 01:40:27
469,Shumskiy,54.8318,99.1328,62.29,39,37,6.6,RU,2021-06-07 01:40:28
470,Aberdeen,57.1437,-2.0981,50.83,96,75,2.3,GB,2021-06-07 01:36:34
471,Cidreira,-30.1811,-50.2056,62.67,77,100,11.54,BR,2021-06-07 01:40:28
472,Tahta,26.7693,31.5021,77.32,41,67,11.54,EG,2021-06-07 01:40:28
473,Hope,33.6671,-93.5916,77.29,69,33,3.74,US,2021-06-07 01:40:29
474,Samarai,-10.6167,150.6667,77.36,91,100,15.32,PG,2021-06-07 01:40:29
475,Agua Dulce,18.1333,-94.1333,82.4,82,29,8.46,MX,2021-06-07 01:40:29
476,Abingdon,51.6711,-1.2828,60.55,90,75,3.67,GB,2021-06-07 01:40:30
477,Aktau,43.65,51.2,64.98,72,12,8.19,KZ,2021-06-07 01:40:30
478,Lompoc,34.6391,-120.4579,68.14,77,90,10.0,US,2021-06-07 01:40:30
479,Rock Sound,24.9,-76.2,78.69,81,77,19.28,BS,2021-06-07 01:40:30
480,Bereda,43.2686,-7.5406,53.91,98,76,3.69,ES,2021-06-07 01:40:31
481,Ayan,56.45,138.1667,42.26,89,96,4.32,RU,2021-06-07 01:40:31
482,Mount Isa,-20.7333,139.5,71.37,37,0,8.05,AU,2021-06-07 01:40:31
483,Coahuayana,18.7333,-103.6833,80.65,74,66,2.89,MX,2021-06-07 01:40:32
484,Khani,41.9563,42.9566,40.57,93,5,3.8,GE,2021-06-07 01:40:32
485,Moose Factory,51.2585,-80.6094,77.0,73,20,9.22,CA,2021-06-07 01:40:32
486,Adrar,20.5022,-10.0711,90.19,12,0,17.25,MR,2021-06-07 01:40:33
487,Korbach,51.2756,8.873,58.42,98,100,3.8,DE,2021-06-07 01:40:33
488,Cassilandia,-19.1133,-51.7342,69.85,49,1,3.04,BR,2021-06-07 01:40:33
489,Karratha,-20.7377,116.8463,80.58,36,26,18.14,AU,2021-06-07 01:40:33
490,Birin,26.8865,88.0718,69.15,76,1,3.38,NP,2021-06-07 01:40:34
491,Mitsamiouli,-11.3847,43.2844,78.19,70,9,14.88,KM,2021-06-07 01:37:20
492,Chokwe,-24.5333,32.9833,58.39,92,7,4.76,MZ,2021-06-07 01:40:34
493,Liangxiang,39.7319,116.14,78.71,31,100,9.46,CN,2021-06-07 01:40:34
494,Oskemen,49.9565,82.6119,57.16,77,0,2.98,KZ,2021-06-07 01:40:35
495,Broome,42.2506,-75.833,78.66,67,84,3.67,US,2021-06-07 01:39:18
496,Montoro,38.0241,-4.3834,75.47,45,0,1.48,ES,2021-06-07 01:40:35
497,The Valley,18.217,-63.0578,80.46,76,100,19.37,AI,2021-06-07 01:40:36
498,Dombarovskiy,50.7587,59.5386,63.36,42,100,8.37,RU,2021-06-07 01:40:36
499,Moa,20.6569,-74.9403,79.05,81,20,15.14,CU,2021-06-07 01:40:36
500,Inverell,-29.7833,151.1167,62.11,51,59,4.0,AU,2021-06-07 01:40:37
501,Linxia,35.6003,103.2064,67.95,45,66,1.79,CN,2021-06-07 01:40:37
502,Altamira,-3.2033,-52.2064,75.34,88,100,2.26,BR,2021-06-07 01:40:37
503,Wajir,1.7471,40.0573,73.85,74,46,15.41,KE,2021-06-07 01:40:38
504,Banda Aceh,5.5577,95.3222,82.9,68,100,10.09,ID,2021-06-07 01:40:38
505,Luena,-11.7833,19.9167,50.4,71,60,4.07,AO,2021-06-07 01:40:38
506,Villazon,-22.0866,-65.5942,41.47,12,76,9.84,BO,2021-06-07 01:40:39
507,Mineiros,-17.5694,-52.5511,66.81,58,28,4.32,BR,2021-06-07 01:40:39
508,Roald,62.5833,6.1333,53.91,87,90,2.3,NO,2021-06-07 01:40:39
509,Maningrida,-12.0667,134.2667,84.02,56,5,8.79,AU,2021-06-07 01:40:40
510,Taoudenni,22.6783,-3.9836,98.78,9,57,5.79,ML,2021-06-07 01:40:40
511,Tocopilla,-22.092,-70.1979,63.9,68,100,7.49,CL,2021-06-07 01:37:48
512,Yabelo,4.8833,38.0833,56.46,80,51,6.71,ET,2021-06-07 01:40:40
513,Tezu,27.9167,96.1667,76.66,91,94,0.4,IN,2021-06-07 01:40:40
514,Mana,5.6592,-53.7767,75.72,88,100,1.81,GF,2021-06-07 01:40:41
515,Berlevag,70.8578,29.0864,40.33,67,1,2.55,NO,2021-06-07 01:40:41
516,Gorontalo,0.5412,123.0595,87.3,61,45,2.93,ID,2021-06-07 01:40:41
517,Sur,22.5667,59.5289,82.62,78,0,12.28,OM,2021-06-07 01:39:37
518,Santa Vitoria Do Palmar,-33.5189,-53.3681,50.7,78,8,6.62,BR,2021-06-07 01:40:42
519,Saint Anthony,45.0205,-93.218,89.62,46,1,4.0,US,2021-06-07 01:40:42
520,Tvedestrand,58.622,8.9315,60.33,89,98,1.61,NO,2021-06-07 01:40:43
521,Nemuro,43.3236,145.575,68.43,83,39,3.2,JP,2021-06-07 01:40:43
522,Auki,-8.7676,160.7034,84.94,67,15,3.27,SB,2021-06-07 01:40:43
523,Santa Clara,22.4,-79.9667,78.46,83,20,9.91,CU,2021-06-07 01:40:43
524,Jishou,28.3167,109.7167,85.78,64,22,1.74,CN,2021-06-07 01:40:44
525,Luau,-10.7073,22.2247,55.24,69,57,4.79,AO,2021-06-07 01:40:44
526,Clarence Town,-32.5833,151.7833,65.8,51,86,3.09,AU,2021-06-07 01:40:44
527,Seymchan,62.8833,152.4333,54.61,68,100,5.19,RU,2021-06-07 01:40:45
528,Flinders,-34.5833,150.8552,68.05,63,99,1.99,AU,2021-06-07 01:40:45
529,Aleppo,36.25,37.5,64.76,64,0,9.31,SY,2021-06-07 01:37:45
530,Sumbe,-11.2061,13.8437,73.38,86,6,6.8,AO,2021-06-07 01:40:45
531,Bambui,-20.0064,-45.9769,63.64,73,98,2.68,BR,2021-06-07 01:40:46
532,Huilong,31.8111,121.655,83.98,50,100,11.86,CN,2021-06-07 01:40:46
533,Rangia,26.4667,91.6333,71.55,89,98,10.33,IN,2021-06-07 01:40:46
534,Kaka,37.3482,59.6143,79.83,38,0,9.13,TM,2021-06-07 01:40:47
535,Sovetskaya Gavan,48.9723,140.2878,51.44,75,79,6.93,RU,2021-06-07 01:40:47
536,Yaan,7.3833,8.5667,73.63,93,100,3.74,NG,2021-06-07 01:40:47
537,Dingle,10.9995,122.6711,84.56,67,100,4.29,PH,2021-06-07 01:40:47
538,Massakory,12.996,15.7293,87.98,46,56,10.58,TD,2021-06-07 01:40:48
539,Kieta,-6.2167,155.6333,85.26,70,13,5.68,PG,2021-06-07 01:40:48
540,Hihya,30.6713,31.588,68.88,80,0,4.72,EG,2021-06-07 01:40:49
541,Kontagora,10.3999,5.4695,73.98,89,73,4.56,NG,2021-06-07 01:40:49
542,Gravdal,68.1214,13.5031,50.79,89,100,9.26,NO,2021-06-07 01:40:49
543,Speightstown,13.25,-59.65,81.21,79,72,20.54,BB,2021-06-07 01:40:50
544,Cartagena,10.3997,-75.5144,82.02,89,40,6.91,CO,2021-06-07 01:40:50
545,Lagdo,9.05,13.7333,77.86,75,100,2.55,CM,2021-06-07 01:40:50
546,Beyla,8.6833,-8.6333,68.85,95,19,3.4,GN,2021-06-07 01:40:51
547,Pauini,-7.7136,-66.9764,72.18,99,91,0.89,BR,2021-06-07 01:40:51
548,Pout,14.7739,-17.0603,74.16,78,1,10.31,SN,2021-06-07 01:40:51
549,Moussoro,13.6408,16.4901,88.59,34,49,6.06,TD,2021-06-07 01:40:52
550,Ozernovskiy,51.5,156.5167,45.59,91,100,0.27,RU,2021-06-07 01:40:52
551,Ancud,-41.8697,-73.8203,52.23,87,100,16.26,CL,2021-06-07 01:40:52
