City_ID,City,Country,Lat,Lng,Max Temp,Humidity,Cloudiness,Wind Speed,Current Description,Date
0,Vaini,TO,-21.2,-175.2,71.76,100,90,5.75,light rain,2021-06-07 04:46:38
1,Havelock,US,34.8791,-76.9013,77.95,92,1,1.99,clear sky,2021-06-07 04:46:39
2,Mount Isa,AU,-20.7333,139.5,80.37,26,0,8.05,clear sky,2021-06-07 04:37:54
3,Santa Maria Da Boa Vista,BR,-8.8078,-39.8256,69.91,80,90,11.01,overcast clouds,2021-06-07 04:37:55
4,Busselton,AU,-33.65,115.3333,61.05,56,60,9.15,broken clouds,2021-06-07 04:37:55
5,Puerto Ayora,EC,-0.7393,-90.3518,71.55,98,30,1.01,scattered clouds,2021-06-07 04:46:39
6,Saldanha,ZA,-33.0117,17.9442,68.05,38,16,27.85,few clouds,2021-06-07 04:46:40
7,Akureyri,IS,65.6835,-18.0878,44.53,76,0,3.44,clear sky,2021-06-07 04:46:40
8,Henties Bay,NA,-22.116,14.2845,66.87,49,0,9.89,clear sky,2021-06-07 04:46:40
9,Qaanaaq,GL,77.484,-69.3632,38.16,72,36,5.99,scattered clouds,2021-06-07 04:46:41
10,Hermanus,ZA,-34.4187,19.2345,58.8,49,3,12.66,clear sky,2021-06-07 04:46:41
11,Punta Arenas,CL,-53.15,-70.9167,35.71,87,0,9.48,clear sky,2021-06-07 04:46:41
12,Albany,US,42.6001,-73.9662,70.99,80,13,3.65,few clouds,2021-06-07 04:46:42
13,Langham,CA,52.3668,-106.9679,56.01,65,92,3.58,overcast clouds,2021-06-07 04:46:42
14,Mataura,NZ,-46.1927,168.8643,49.48,87,0,2.73,clear sky,2021-06-07 04:46:42
15,Bagotville,AU,-28.9833,153.4167,69.82,60,32,3.65,scattered clouds,2021-06-07 04:46:43
16,Saint-Georges,GD,12.0564,-61.7485,80.28,83,20,25.32,few clouds,2021-06-07 04:44:41
17,Butaritari,KI,3.0707,172.7902,82.4,73,27,7.92,light rain,2021-06-07 04:46:43
18,Nuuk,GL,64.1835,-51.7216,39.81,93,90,2.3,light rain,2021-06-07 04:46:44
19,Pattani,TH,6.75,100.4167,87.22,57,100,6.08,moderate rain,2021-06-07 04:46:44
20,Antalaha,MG,-14.9003,50.2788,76.1,72,40,12.53,scattered clouds,2021-06-07 04:46:44
21,Hilo,US,19.7297,-155.09,76.28,79,90,4.61,overcast clouds,2021-06-07 04:45:11
22,Nikel,RU,69.4128,30.222,44.78,52,7,4.09,clear sky,2021-06-07 04:46:45
23,Saskylakh,RU,71.9167,114.0833,45.95,40,97,6.67,overcast clouds,2021-06-07 04:46:45
24,Gamba,GA,-2.65,10.0,74.3,96,99,4.47,overcast clouds,2021-06-07 04:46:45
25,Kysyl-Syr,RU,63.8986,122.7617,60.01,28,75,15.77,broken clouds,2021-06-07 04:46:45
26,Ushuaia,AR,-54.8,-68.3,44.26,61,40,0.0,scattered clouds,2021-06-07 04:43:11
27,Port-Cartier,CA,50.0334,-66.8654,46.74,77,95,6.02,overcast clouds,2021-06-07 04:46:46
28,Korla,CN,41.7597,86.1469,83.34,23,24,2.35,few clouds,2021-06-07 04:46:46
29,Tasiilaq,GL,65.6145,-37.6368,42.96,89,98,2.57,overcast clouds,2021-06-07 04:46:46
30,Hiroshima,JP,34.3963,132.4594,82.44,65,100,4.41,overcast clouds,2021-06-07 04:43:14
31,Praia Da Vitoria,PT,38.7333,-27.0667,63.75,88,40,5.77,scattered clouds,2021-06-07 04:46:47
32,Sao Filipe,CV,14.8961,-24.4956,73.18,78,8,12.88,clear sky,2021-06-07 04:46:47
33,Straumen,NO,63.8709,11.2999,57.15,83,70,4.72,broken clouds,2021-06-07 04:46:48
34,Teknaf,BD,20.8624,92.3058,82.76,83,100,8.08,overcast clouds,2021-06-07 04:46:48
35,Sur,OM,22.5667,59.5289,89.65,60,0,8.61,clear sky,2021-06-07 04:46:48
36,Ponta Do Sol,PT,32.6667,-17.1,66.0,78,11,4.29,few clouds,2021-06-07 04:46:49
37,Arraial Do Cabo,BR,-22.9661,-42.0278,71.76,86,18,5.61,few clouds,2021-06-07 04:46:49
38,Nome,US,64.5011,-165.4064,35.67,80,90,9.22,overcast clouds,2021-06-07 04:46:40
39,Rikitea,PF,-23.1203,-134.9692,76.44,86,100,15.99,light rain,2021-06-07 04:46:33
40,Luderitz,NA,-26.6481,15.1594,64.42,37,8,8.68,clear sky,2021-06-07 04:46:49
41,Gariaband,IN,20.635,82.0614,98.73,33,43,9.6,scattered clouds,2021-06-07 04:46:50
42,Palmer,US,42.1584,-72.3287,74.84,78,1,4.21,clear sky,2021-06-07 04:46:50
43,Tuktoyaktuk,CA,69.4541,-133.0374,35.6,80,40,12.66,scattered clouds,2021-06-07 04:46:50
44,Muros,ES,42.7762,-9.0603,59.23,89,77,7.7,broken clouds,2021-06-07 04:46:51
45,Bambous Virieux,MU,-20.3428,57.7575,77.22,78,75,19.51,light rain,2021-06-07 04:46:51
46,Bubaque,GW,11.2833,-15.8333,79.27,81,100,10.98,overcast clouds,2021-06-07 04:46:51
47,Makakilo City,US,21.3469,-158.0858,80.92,62,40,10.36,light rain,2021-06-07 04:46:51
48,Nanortalik,GL,60.1432,-45.2371,41.54,78,100,5.41,overcast clouds,2021-06-07 04:46:52
49,Talnakh,RU,69.4865,88.3972,32.81,94,100,5.64,light snow,2021-06-07 04:46:48
50,Yellowknife,CA,62.456,-114.3525,46.92,71,75,3.0,broken clouds,2021-06-07 04:46:52
51,Saint-Pierre,RE,-21.3393,55.4781,74.84,88,75,21.85,moderate rain,2021-06-07 04:46:53
52,Salalah,OM,17.0151,54.0924,84.29,89,75,6.91,broken clouds,2021-06-07 04:46:53
53,Mazurivka,UA,49.2745,24.2123,59.94,90,18,7.45,few clouds,2021-06-07 04:46:53
54,Bluff,NZ,-46.6,168.3333,49.8,76,7,5.77,clear sky,2021-06-07 04:46:53
55,Port Alfred,ZA,-33.5906,26.891,61.63,37,0,9.15,clear sky,2021-06-07 04:46:54
56,Oriximina,BR,-1.7656,-55.8661,76.78,80,72,3.2,broken clouds,2021-06-07 04:46:54
57,Bathsheba,BB,13.2167,-59.5167,81.21,65,40,18.54,scattered clouds,2021-06-07 04:46:54
58,Businga,CD,3.3333,20.8833,70.16,96,98,1.12,overcast clouds,2021-06-07 04:46:55
59,Honningsvag,NO,70.9821,25.9704,44.35,65,0,11.5,clear sky,2021-06-07 04:46:55
60,Hobart,AU,-42.8794,147.3294,64.26,45,75,8.99,broken clouds,2021-06-07 04:44:43
61,Castro,BR,-24.7911,-50.0119,56.59,96,99,8.7,heavy intensity rain,2021-06-07 04:46:55
62,Port Elizabeth,ZA,-33.918,25.5701,55.69,41,0,3.44,clear sky,2021-06-07 04:46:50
63,Sompeta,IN,18.9333,84.6,95.85,52,93,9.26,overcast clouds,2021-06-07 04:46:56
64,Fergus Falls,US,46.283,-96.0776,73.38,33,1,6.91,clear sky,2021-06-07 04:46:56
65,Russell,US,32.3502,-85.1999,74.16,88,75,3.69,broken clouds,2021-06-07 04:45:49
66,Narsaq,GL,60.9167,-46.05,55.62,72,100,3.15,overcast clouds,2021-06-07 04:46:56
67,Aquiraz,BR,-3.9014,-38.3911,78.89,88,23,6.96,few clouds,2021-06-07 04:46:57
68,Iracoubo,GF,5.4802,-53.2011,76.23,90,100,5.26,overcast clouds,2021-06-07 04:46:57
69,Sao Joao Da Barra,BR,-21.6403,-41.0511,71.64,89,100,8.59,overcast clouds,2021-06-07 04:46:57
70,Krasnoselkup,RU,65.7,82.4667,39.63,59,96,11.7,overcast clouds,2021-06-07 04:46:57
71,Dauriya,RU,49.9333,116.8667,82.27,17,0,17.22,clear sky,2021-06-07 04:46:58
72,Allen,US,41.0706,-85.0144,75.31,77,20,10.58,few clouds,2021-06-07 04:46:58
73,Chuy,UY,-33.6971,-53.4616,50.54,79,28,5.93,scattered clouds,2021-06-07 04:46:58
74,Ler,SS,8.3018,30.1418,76.95,80,74,2.15,broken clouds,2021-06-07 04:46:59
75,Saint George,US,37.1041,-113.5841,90.19,16,1,17.27,clear sky,2021-06-07 04:45:03
76,Amarante Do Maranhao,BR,-5.5667,-46.7422,72.01,73,56,1.86,broken clouds,2021-06-07 04:46:59
77,Geraldton,AU,-28.7667,114.6,66.61,55,100,16.42,overcast clouds,2021-06-07 04:46:59
78,Bredasdorp,ZA,-34.5322,20.0403,61.92,39,4,8.25,clear sky,2021-06-07 04:47:00
79,Lumphat,KH,13.4878,106.9816,84.0,81,100,4.07,moderate rain,2021-06-07 04:47:01
80,Rio Gallegos,AR,-51.6226,-69.2181,37.45,87,0,4.61,clear sky,2021-06-07 04:47:01
81,Victoria,HK,22.2855,114.1577,89.96,75,56,1.99,broken clouds,2021-06-07 04:47:02
82,Aban,RU,56.67,96.06,63.75,64,99,16.8,overcast clouds,2021-06-07 04:47:02
83,Villamar,MX,20.0167,-102.6,70.11,63,94,2.59,overcast clouds,2021-06-07 04:47:02
84,Bengkulu,ID,-3.8004,102.2655,83.79,66,62,5.3,broken clouds,2021-06-07 04:47:03
85,Atuona,PF,-9.8,-139.0333,79.81,68,5,11.03,clear sky,2021-06-07 04:47:01
86,Vila Velha,BR,-20.3297,-40.2925,69.94,97,0,1.99,clear sky,2021-06-07 04:47:03
87,Hasaki,JP,35.7333,140.8333,84.29,71,100,3.0,overcast clouds,2021-06-07 04:47:03
88,Bulawayo,ZW,-20.15,28.5833,48.16,84,51,13.38,broken clouds,2021-06-07 04:47:04
89,Maramba,TZ,-5.05,38.6167,64.18,81,93,5.17,overcast clouds,2021-06-07 04:47:04
90,Hithadhoo,MV,-0.6,73.0833,83.32,72,22,12.82,few clouds,2021-06-07 04:47:04
91,Soligalich,RU,59.0778,42.2864,68.54,54,50,3.53,scattered clouds,2021-06-07 04:47:05
92,Baie-Comeau,CA,49.2168,-68.1489,59.0,93,1,2.53,clear sky,2021-06-07 04:47:05
93,Mbala,ZM,-8.8402,31.3659,53.82,86,49,10.09,scattered clouds,2021-06-07 04:47:06
94,Marzuq,YE,14.4,46.4667,86.4,24,59,5.66,broken clouds,2021-06-07 04:47:06
95,Bhatkal,IN,13.9667,74.5667,82.81,76,93,4.76,overcast clouds,2021-06-07 04:47:06
96,Charthawal,IN,29.55,77.5833,101.89,22,0,5.06,clear sky,2021-06-07 04:47:07
97,Pevek,RU,69.7008,170.3133,52.11,58,3,16.26,clear sky,2021-06-07 04:47:07
98,Codrington,AU,-38.2667,141.9667,65.62,46,100,23.4,overcast clouds,2021-06-07 04:47:07
99,Jining,CN,35.405,116.5814,99.68,14,100,16.75,overcast clouds,2021-06-07 04:47:08
100,Abnub,EG,27.2696,31.1511,68.22,45,78,13.27,broken clouds,2021-06-07 04:47:08
101,Buloh Kasap,MY,2.5536,102.764,85.91,50,57,5.5,broken clouds,2021-06-07 04:47:08
102,Bagdarin,RU,54.4333,113.6,59.99,52,100,7.38,overcast clouds,2021-06-07 04:47:09
103,Mana,GF,5.6592,-53.7767,75.24,90,100,3.33,overcast clouds,2021-06-07 04:47:09
104,Maromitsa,RU,59.8683,48.0123,60.89,81,77,8.25,broken clouds,2021-06-07 04:47:09
105,Broken Hill,AU,-31.95,141.4333,62.31,39,72,18.41,broken clouds,2021-06-07 04:47:10
106,Bethel,US,41.3712,-73.414,75.99,77,20,0.0,few clouds,2021-06-07 04:45:25
107,Mansa,IN,29.9833,75.3833,105.31,18,8,8.14,clear sky,2021-06-07 04:47:10
108,Avarua,CK,-21.2078,-159.775,71.65,78,93,2.3,overcast clouds,2021-06-07 04:44:23
109,Port Victoria,KE,0.0939,33.9756,66.56,82,25,7.43,scattered clouds,2021-06-07 04:47:11
110,Kirakira,SB,-10.4544,161.9205,82.04,79,37,6.91,scattered clouds,2021-06-07 04:47:11
111,Cidreira,BR,-30.1811,-50.2056,62.13,78,82,12.8,broken clouds,2021-06-07 04:46:31
112,Chifeng,CN,42.2683,118.9636,68.88,61,100,10.22,overcast clouds,2021-06-07 04:47:11
113,Gallup,US,35.5281,-108.7426,75.04,17,1,3.0,clear sky,2021-06-07 04:47:12
114,Clyde River,CA,70.4692,-68.5914,35.83,87,90,16.11,overcast clouds,2021-06-07 04:47:12
115,Casper,US,42.8666,-106.3131,73.72,31,1,1.99,clear sky,2021-06-07 04:47:12
116,Fairbanks,US,64.8378,-147.7164,70.14,43,1,5.75,clear sky,2021-06-07 04:47:13
117,Hamilton,US,39.1834,-84.5333,72.43,92,1,5.37,clear sky,2021-06-07 04:46:01
118,Lavrentiya,RU,65.5833,-171.0,34.47,86,87,6.08,overcast clouds,2021-06-07 04:47:13
119,Sibolga,ID,1.7427,98.7792,85.69,61,28,5.5,scattered clouds,2021-06-07 04:47:13
120,Moose Factory,CA,51.2585,-80.6094,78.8,65,40,11.5,scattered clouds,2021-06-07 04:47:14
121,Cayeli,TR,41.0923,40.7292,66.45,55,0,3.47,clear sky,2021-06-07 04:47:14
122,Portland,US,45.5234,-122.6762,55.98,66,38,1.99,scattered clouds,2021-06-07 04:44:27
123,Tuatapere,NZ,-46.1333,167.6833,49.82,87,7,3.38,clear sky,2021-06-07 04:47:14
124,Kikwit,CD,-5.041,18.8162,66.65,97,25,0.65,scattered clouds,2021-06-07 04:47:15
125,Ribeira Grande,PT,38.5167,-28.7,64.98,92,100,9.66,overcast clouds,2021-06-07 04:47:15
126,Pangnirtung,CA,66.1451,-65.7125,30.09,88,97,3.98,overcast clouds,2021-06-07 04:47:15
127,Havre-Saint-Pierre,CA,50.2334,-63.5986,43.16,87,75,0.0,broken clouds,2021-06-07 04:47:16
128,Antofagasta,CL,-23.65,-70.4,56.48,70,52,5.91,broken clouds,2021-06-07 04:42:21
129,Springfield,US,37.2153,-93.2982,69.98,95,1,4.0,clear sky,2021-06-07 04:46:17
130,Fukue,JP,32.6881,128.8419,79.16,78,20,5.75,few clouds,2021-06-07 04:47:16
131,Bashtanka,UA,47.4072,32.4387,60.48,71,71,6.62,broken clouds,2021-06-07 04:47:16
132,Bolotnoye,RU,55.6717,84.3981,68.04,61,24,11.39,few clouds,2021-06-07 04:47:17
133,Mnogovershinnyy,RU,53.9353,139.9242,47.46,73,83,8.12,broken clouds,2021-06-07 04:47:17
134,Cayenne,GF,4.9333,-52.3333,78.1,87,90,1.81,overcast clouds,2021-06-07 04:47:17
135,East London,ZA,-33.0153,27.9116,63.54,36,0,8.05,clear sky,2021-06-07 04:47:01
136,Lorengau,PG,-2.0226,147.2712,83.07,72,40,0.67,scattered clouds,2021-06-07 04:47:18
137,Opuwo,NA,-18.0607,13.84,52.88,55,2,6.93,clear sky,2021-06-07 04:47:18
138,Cherskiy,RU,68.75,161.3,64.9,44,86,27.92,overcast clouds,2021-06-07 04:47:15
139,Mar Del Plata,AR,-38.0023,-57.5575,51.13,69,0,8.99,clear sky,2021-06-07 04:43:39
140,Dunedin,NZ,-45.8742,170.5036,50.81,78,66,15.99,broken clouds,2021-06-07 04:47:18
141,Sadovoye,RU,47.7764,44.5089,67.19,65,97,8.32,overcast clouds,2021-06-07 04:47:19
142,Morondava,MG,-20.2833,44.2833,72.73,50,6,13.94,clear sky,2021-06-07 04:47:19
143,Muisne,EC,0.6,-80.0333,75.13,90,100,11.61,moderate rain,2021-06-07 04:47:19
144,Prince George,CA,53.9166,-122.753,51.26,68,20,1.01,few clouds,2021-06-07 04:45:05
145,Kapaa,US,22.0752,-159.319,84.18,71,40,1.99,light rain,2021-06-07 04:46:35
146,Pisco,PE,-13.7,-76.2167,62.65,88,90,1.14,overcast clouds,2021-06-07 04:47:20
147,The Valley,AI,18.217,-63.0578,80.46,77,100,17.83,overcast clouds,2021-06-07 04:47:20
148,Hofn,IS,64.2539,-15.2082,46.98,99,100,14.25,light rain,2021-06-07 04:47:20
149,Saint Andrews,US,34.0454,-81.1293,74.98,93,40,3.76,scattered clouds,2021-06-07 04:47:20
150,Katsuura,JP,35.1333,140.3,77.04,75,99,1.21,overcast clouds,2021-06-07 04:47:21
151,Gayeri,BF,12.6497,0.4931,83.7,55,87,11.05,overcast clouds,2021-06-07 04:47:21
152,Alofi,NU,-19.0595,-169.9187,78.69,69,8,5.75,clear sky,2021-06-07 04:47:21
153,San Luis,AR,-33.295,-66.3356,48.38,54,97,5.17,overcast clouds,2021-06-07 04:47:21
154,Roebourne,AU,-20.7833,117.1333,81.09,36,60,14.41,broken clouds,2021-06-07 04:47:22
155,Nikolskoye,RU,59.7035,30.7861,66.79,61,88,2.93,overcast clouds,2021-06-07 04:47:22
156,Walvis Bay,NA,-22.9575,14.5053,70.75,26,0,10.98,clear sky,2021-06-07 04:47:23
157,Kavieng,PG,-2.5744,150.7967,83.08,72,16,5.61,light rain,2021-06-07 04:47:23
158,Isangel,VU,-19.55,169.2667,75.31,69,75,11.45,broken clouds,2021-06-07 04:47:23
159,Padang,ID,-0.9492,100.3543,82.45,62,8,5.68,clear sky,2021-06-07 04:47:23
160,Leh,IN,34.1667,77.5833,56.86,18,0,2.64,clear sky,2021-06-07 04:47:24
161,Severnoye,RU,56.3491,78.3619,70.7,54,71,11.63,broken clouds,2021-06-07 04:47:24
162,Aklavik,CA,68.2191,-135.0107,45.32,46,10,9.28,clear sky,2021-06-07 04:47:25
163,Hami,CN,42.8,93.45,79.93,10,2,9.33,clear sky,2021-06-07 04:47:25
164,Kadoma,JP,34.7333,135.5833,87.6,50,75,8.14,broken clouds,2021-06-07 04:47:25
165,Cape Town,ZA,-33.9258,18.4232,66.61,37,0,9.6,clear sky,2021-06-07 04:43:51
166,Jamestown,US,42.097,-79.2353,70.34,79,1,9.22,clear sky,2021-06-07 04:45:16
167,Upernavik,GL,72.7868,-56.1549,34.12,81,18,6.55,few clouds,2021-06-07 04:47:26
168,Grajau,BR,-5.8194,-46.1386,71.8,76,12,0.98,few clouds,2021-06-07 04:47:26
169,Agdas,AZ,40.65,47.4761,67.87,54,30,11.56,scattered clouds,2021-06-07 04:47:27
170,Kropotkin,RU,45.4375,40.5756,60.46,82,98,10.89,overcast clouds,2021-06-07 04:47:27
171,Rypefjord,NO,70.6333,23.6667,54.07,43,0,2.3,clear sky,2021-06-07 04:47:27
172,Sarahan,IN,31.5167,77.8,72.41,48,3,6.53,clear sky,2021-06-07 04:47:27
173,Harper,LR,4.375,-7.7169,78.51,85,99,6.69,overcast clouds,2021-06-07 04:47:28
174,Den Helder,NL,52.9599,4.7593,57.18,91,19,1.99,few clouds,2021-06-07 04:47:28
175,Sept-Iles,CA,50.2001,-66.3821,47.05,88,75,3.0,broken clouds,2021-06-07 04:47:28
176,Mwinilunga,ZM,-11.7358,24.4293,48.69,89,77,4.81,broken clouds,2021-06-07 04:47:29
177,Udachnyy,RU,66.4167,112.4,43.25,76,83,26.66,light rain,2021-06-07 04:47:29
178,Tay Ninh,VN,11.3,106.1,92.35,52,99,16.8,overcast clouds,2021-06-07 04:47:29
179,San Patricio,US,28.017,-97.5169,82.89,91,5,14.23,clear sky,2021-06-07 04:47:30
180,Raga,SS,8.4596,25.678,70.81,90,100,6.85,light rain,2021-06-07 04:47:30
181,Klaksvik,FO,62.2266,-6.589,49.12,89,100,7.76,overcast clouds,2021-06-07 04:47:30
182,Georgetown,MY,5.4112,100.3354,88.9,69,20,5.01,few clouds,2021-06-07 04:46:15
183,Tiksi,RU,71.6872,128.8694,42.24,70,100,3.09,overcast clouds,2021-06-07 04:47:30
184,Sabha,LY,27.0377,14.4283,78.69,19,56,10.02,broken clouds,2021-06-07 04:47:31
185,San Cristobal,VE,7.7669,-72.225,65.39,98,100,3.4,overcast clouds,2021-06-07 04:47:31
186,Bilibino,RU,68.0546,166.4372,69.64,36,49,15.37,scattered clouds,2021-06-07 04:47:18
187,Rawson,AR,-43.3002,-65.1023,46.45,61,55,14.83,broken clouds,2021-06-07 04:47:31
188,Coihaique,CL,-45.5752,-72.0662,42.75,87,75,3.44,light rain,2021-06-07 04:47:32
189,Ulladulla,AU,-35.35,150.4667,68.88,52,95,8.97,overcast clouds,2021-06-07 04:47:32
190,Petropavlovsk-Kamchatskiy,RU,53.0452,158.6483,46.99,87,75,3.15,broken clouds,2021-06-07 04:47:32
191,Skibbereen,IE,51.55,-9.2667,48.0,89,72,6.71,broken clouds,2021-06-07 04:47:33
192,Puma,TZ,-5.0,34.7333,56.95,80,7,13.29,clear sky,2021-06-07 04:47:33
193,Chazuta,PE,-6.5742,-76.1367,73.04,99,100,0.76,overcast clouds,2021-06-07 04:47:33
194,Dikson,RU,73.5069,80.5464,30.18,91,100,12.39,overcast clouds,2021-06-07 04:47:33
195,Sitka,US,57.0531,-135.33,53.49,66,75,4.61,broken clouds,2021-06-07 04:45:21
196,Jacksonville,US,30.3322,-81.6556,80.98,81,90,1.01,haze,2021-06-07 04:44:29
197,Karratha,AU,-20.7377,116.8463,82.29,34,23,18.32,few clouds,2021-06-07 04:47:34
198,Saint-Philippe,RE,-21.3585,55.7679,74.75,82,97,17.54,light rain,2021-06-07 04:47:34
199,Sechura,PE,-5.5569,-80.8222,69.03,78,100,9.42,overcast clouds,2021-06-07 04:47:35
200,Nhulunbuy,AU,-12.2333,136.7667,83.01,65,75,14.97,broken clouds,2021-06-07 04:47:35
201,Mahajanga,MG,-15.7167,46.3167,71.62,64,20,8.05,few clouds,2021-06-07 04:47:35
202,New Norfolk,AU,-42.7826,147.0587,63.91,48,100,5.01,overcast clouds,2021-06-07 04:47:36
203,Coahuayana,MX,18.7333,-103.6833,78.37,79,63,2.01,broken clouds,2021-06-07 04:45:20
204,Najran,SA,17.4924,44.1277,79.45,19,25,5.53,scattered clouds,2021-06-07 04:47:36
205,Hambantota,LK,6.1241,81.1185,88.14,74,20,17.58,few clouds,2021-06-07 04:47:36
206,Fortuna,US,40.5982,-124.1573,54.32,56,20,1.01,few clouds,2021-06-07 04:47:37
207,Norman Wells,CA,65.282,-126.8329,50.04,76,75,5.75,broken clouds,2021-06-07 04:46:36
208,Constitucion,CL,-35.3333,-72.4167,51.98,62,100,4.76,overcast clouds,2021-06-07 04:47:12
209,Romitan,UZ,39.9343,64.3814,91.35,29,0,15.43,clear sky,2021-06-07 04:47:37
210,Saint-Joseph,RE,-21.3667,55.6167,73.76,83,97,17.0,light rain,2021-06-07 04:47:38
211,Cochrane,CA,51.1834,-114.4687,44.24,89,90,5.79,overcast clouds,2021-06-07 04:45:02
212,Port Blair,IN,11.6667,92.75,84.24,79,75,9.22,broken clouds,2021-06-07 04:47:38
213,Santa Maria,BR,-29.6842,-53.8069,54.97,86,83,9.01,broken clouds,2021-06-07 04:47:38
214,Yaan,NG,7.3833,8.5667,73.08,95,99,4.41,overcast clouds,2021-06-07 04:47:39
215,Ponferrada,ES,42.5466,-6.5962,59.95,85,96,2.84,overcast clouds,2021-06-07 04:43:57
216,Nerchinskiy Zavod,RU,51.3088,119.61,76.89,34,3,7.65,clear sky,2021-06-07 04:47:39
217,Savannah Bight,HN,16.45,-85.85,82.0,84,8,26.08,clear sky,2021-06-07 04:47:39
218,Voh,NC,-20.9667,164.7,72.91,60,98,10.38,overcast clouds,2021-06-07 04:47:40
219,Liling,CN,27.6667,113.5,93.09,47,76,2.62,broken clouds,2021-06-07 04:47:40
220,Livramento,BR,-3.0254,-60.1803,79.47,100,0,2.75,light rain,2021-06-07 04:47:40
221,San Blas,MX,21.5167,-105.2667,79.14,76,38,3.02,scattered clouds,2021-06-07 04:47:41
222,Mingguang,CN,32.7802,117.9638,93.7,23,100,11.74,overcast clouds,2021-06-07 04:47:41
223,Matagami,CA,49.7502,-77.6328,73.51,68,1,11.9,clear sky,2021-06-07 04:47:41
224,Trelew,AR,-43.249,-65.3051,45.61,62,73,11.12,broken clouds,2021-06-07 04:47:42
225,Charters Towers,AU,-20.1,146.2667,73.94,52,76,16.87,broken clouds,2021-06-07 04:47:42
226,Kargat,RU,55.1956,80.2811,70.92,53,11,9.46,few clouds,2021-06-07 04:47:42
227,Whitehorse,CA,60.7161,-135.0538,56.17,47,75,8.05,moderate rain,2021-06-07 04:47:43
228,Charleville-Mezieres,FR,49.7667,4.7167,58.77,89,76,4.61,broken clouds,2021-06-07 04:45:19
229,Lodwar,KE,3.1191,35.5973,81.27,49,65,13.18,broken clouds,2021-06-07 04:47:43
230,Mae Sai,TH,20.4335,99.8762,90.45,63,100,3.33,overcast clouds,2021-06-07 04:47:44
231,Cabo San Lucas,MX,22.8909,-109.9124,86.81,63,24,12.44,few clouds,2021-06-07 04:47:44
232,Ansbach,DE,49.3,10.5833,61.93,94,90,5.75,mist,2021-06-07 04:47:44
233,Zhanakorgan,KZ,43.9098,67.2495,93.76,20,0,4.21,clear sky,2021-06-07 04:47:45
234,Ilulissat,GL,69.2167,-51.1,37.42,81,0,0.0,clear sky,2021-06-07 04:46:30
235,Alamogordo,US,32.8995,-105.9603,85.01,23,40,8.05,scattered clouds,2021-06-07 04:47:45
236,Astoria,US,46.1879,-123.8313,51.94,86,90,3.0,overcast clouds,2021-06-07 04:47:45
237,Poum,NC,-20.2333,164.0167,73.72,61,99,17.2,overcast clouds,2021-06-07 04:47:43
238,Half Moon Bay,US,37.4636,-122.4286,62.51,73,20,1.01,haze,2021-06-07 04:45:02
239,Disna,BY,55.568,28.1971,61.47,86,19,6.11,light rain,2021-06-07 04:47:46
240,Bida,NG,9.0833,6.0167,73.83,94,44,2.01,scattered clouds,2021-06-07 04:47:46
241,Esperance,AU,-33.8667,121.9,58.84,63,81,24.25,broken clouds,2021-06-07 04:47:47
242,Barrow,US,71.2906,-156.7887,32.02,86,90,13.8,overcast clouds,2021-06-07 04:47:47
243,Kiunga,PG,-6.1219,141.2906,82.17,85,98,3.02,overcast clouds,2021-06-07 04:47:33
244,Kankakee,US,41.15,-87.8667,77.02,79,1,6.91,clear sky,2021-06-07 04:47:48
245,Puerto Parra,CO,6.6515,-74.0573,73.9,98,100,2.53,overcast clouds,2021-06-07 04:47:48
246,Bonfim,BR,3.0833,-59.95,75.06,86,43,9.26,scattered clouds,2021-06-07 04:47:36
247,Lebu,CL,-37.6167,-73.65,47.43,81,99,8.08,overcast clouds,2021-06-07 04:47:48
248,Vao,NC,-22.6667,167.4833,69.71,62,28,14.99,scattered clouds,2021-06-07 04:47:48
249,Taltal,CL,-25.4,-70.4833,59.47,78,1,2.42,clear sky,2021-06-07 04:47:49
250,Provideniya,RU,64.3833,-173.3,41.11,65,75,8.95,broken clouds,2021-06-07 04:46:39
251,Namatanai,PG,-3.6667,152.4333,83.62,69,71,5.75,light rain,2021-06-07 04:47:49
252,Saint-Paul,RE,-21.0096,55.2707,75.29,74,18,11.21,few clouds,2021-06-07 04:47:49
253,Irbeyskoye,RU,55.6428,95.4522,65.25,64,99,14.99,overcast clouds,2021-06-07 04:47:50
254,Trinidad,BO,-14.8333,-64.9,69.93,92,81,3.8,broken clouds,2021-06-07 04:47:50
255,Price,US,39.5994,-110.8107,81.66,12,1,4.61,clear sky,2021-06-07 04:46:37
256,Tual,ID,-5.6667,132.75,81.3,79,80,12.97,broken clouds,2021-06-07 04:47:51
257,Andra,RU,62.5147,65.8878,52.68,33,78,4.81,broken clouds,2021-06-07 04:47:51
258,Agirish,RU,61.9247,63.0231,53.89,35,99,1.74,overcast clouds,2021-06-07 04:47:51
259,Chichawatni,PK,30.5333,72.7,107.42,19,0,14.14,clear sky,2021-06-07 04:44:32
260,Aksarka,RU,66.5606,67.7975,44.76,42,24,7.14,few clouds,2021-06-07 04:47:51
261,Rio Das Pedras,BR,-22.8433,-47.6061,64.87,85,36,4.94,scattered clouds,2021-06-07 04:47:52
262,Bonavista,CA,48.6499,-53.1147,35.6,80,95,1.36,overcast clouds,2021-06-07 04:47:52
263,Tabat,ID,-2.635,115.2274,94.55,44,53,1.97,broken clouds,2021-06-07 04:47:53
264,Smoky Lake,CA,54.1169,-112.4686,59.16,67,3,4.7,clear sky,2021-06-07 04:47:53
265,Kodiak,US,57.79,-152.4072,63.91,34,1,9.22,clear sky,2021-06-07 04:47:53
266,Raudeberg,NO,61.9875,5.1352,54.19,87,12,8.99,few clouds,2021-06-07 04:47:54
267,Evensk,RU,61.95,159.2333,50.31,71,59,8.97,broken clouds,2021-06-07 04:47:54
268,La Tuque,CA,47.4334,-72.7824,70.05,88,86,3.44,overcast clouds,2021-06-07 04:47:54
269,Griffith,US,41.5284,-87.4237,79.05,75,1,1.01,clear sky,2021-06-07 04:47:55
270,Mitsamiouli,KM,-11.3847,43.2844,79.11,68,10,12.28,clear sky,2021-06-07 04:47:55
271,Pudozh,RU,61.8099,36.5345,55.47,44,60,12.01,broken clouds,2021-06-07 04:47:55
272,Itarema,BR,-2.9248,-39.9167,75.63,88,13,8.21,few clouds,2021-06-07 04:47:56
273,Eureka,US,40.8021,-124.1637,54.57,76,100,1.99,overcast clouds,2021-06-07 04:47:56
274,Scarborough,GB,54.2797,-0.4044,53.26,92,54,4.0,broken clouds,2021-06-07 04:45:02
275,Sao Felix Do Xingu,BR,-6.6447,-51.995,71.85,82,83,2.04,broken clouds,2021-06-07 04:47:56
276,Quilmana,PE,-12.95,-76.3833,63.63,81,21,1.95,few clouds,2021-06-07 04:47:57
277,Faanui,PF,-16.4833,-151.75,81.59,75,31,10.69,light rain,2021-06-07 04:47:57
278,Oleksandrivka,UA,48.9634,32.2349,60.08,80,84,7.56,broken clouds,2021-06-07 04:47:57
279,Manta,EC,-0.95,-80.7333,73.18,88,90,8.05,overcast clouds,2021-06-07 04:47:58
280,Fort Nelson,CA,58.8053,-122.7002,58.59,41,75,5.75,broken clouds,2021-06-07 04:47:58
281,Cervo,ES,43.6702,-7.4101,57.96,89,47,8.43,scattered clouds,2021-06-07 04:47:58
282,Yulara,AU,-25.2406,130.9889,69.64,26,62,6.91,broken clouds,2021-06-07 04:47:59
283,Torbay,CA,47.6666,-52.7314,38.57,93,90,9.22,overcast clouds,2021-06-07 04:47:59
284,Puerto Santander,CO,8.3636,-72.4063,73.11,93,100,0.85,overcast clouds,2021-06-07 04:48:00
285,Takoradi,GH,4.8845,-1.7554,78.37,86,35,8.77,moderate rain,2021-06-07 04:48:00
286,Vestmannaeyjar,IS,63.4427,-20.2734,47.44,91,100,18.21,overcast clouds,2021-06-07 04:48:00
287,Lucapa,AO,-8.4192,20.7447,59.86,59,2,3.96,clear sky,2021-06-07 04:48:01
288,Kruisfontein,ZA,-34.0033,24.7314,57.38,30,0,10.0,clear sky,2021-06-07 04:48:01
289,Carnarvon,AU,-24.8667,113.6333,77.07,47,100,10.36,overcast clouds,2021-06-07 04:48:01
290,Sinnamary,GF,5.3833,-52.95,76.41,89,100,5.55,overcast clouds,2021-06-07 04:48:02
291,Novyy Rogachik,RU,48.6768,44.0608,65.3,69,92,8.12,overcast clouds,2021-06-07 04:48:02
292,Cockburn Town,TC,21.4612,-71.1419,79.79,77,7,21.56,clear sky,2021-06-07 04:48:02
293,Rosetown,CA,51.5501,-108.0014,57.97,58,99,10.36,overcast clouds,2021-06-07 04:48:03
294,Kloulklubed,PW,7.0419,134.2556,79.3,78,100,6.08,light rain,2021-06-07 04:48:03
295,Sambava,MG,-14.2667,50.1667,75.51,75,35,14.47,scattered clouds,2021-06-07 04:47:03
296,Khatanga,RU,71.9667,102.5,38.44,62,97,11.92,overcast clouds,2021-06-07 04:48:03
297,Matadi,CD,-5.8167,13.45,70.97,97,11,1.3,few clouds,2021-06-07 04:48:04
298,Mafinga,TZ,-7.25,35.0667,63.21,64,1,2.82,clear sky,2021-06-07 04:48:04
299,Batagay,RU,67.6333,134.6333,58.6,37,100,6.46,overcast clouds,2021-06-07 04:48:04
300,Nouadhibou,MR,20.931,-17.0347,67.98,77,93,17.27,sand,2021-06-07 04:48:04
301,Spasskoye,RU,44.6108,132.7969,70.63,61,0,5.55,clear sky,2021-06-07 04:48:05
302,Wojkowice,PL,50.3651,19.0365,63.99,76,0,2.35,clear sky,2021-06-07 04:48:05
303,Tilichiki,RU,60.4667,166.1,39.29,90,100,2.73,overcast clouds,2021-06-07 04:48:06
304,Mont-De-Marsan,FR,44.0,-0.6667,55.76,94,84,1.77,broken clouds,2021-06-07 04:48:06
305,Oneida,US,43.2001,-75.4663,73.96,85,1,0.0,clear sky,2021-06-07 04:48:06
306,Miles City,US,46.4083,-105.8406,65.37,32,1,9.22,clear sky,2021-06-07 04:48:07
307,Komsomolskiy,UZ,40.4272,71.7189,92.62,26,84,6.91,broken clouds,2021-06-07 04:48:07
308,Vilya,RU,55.2456,42.2089,63.91,75,57,4.68,broken clouds,2021-06-07 04:48:07
309,Makhachkala,RU,42.9764,47.5024,68.02,69,100,16.35,overcast clouds,2021-06-07 04:48:08
310,Tara,RU,56.8944,74.371,70.97,50,56,7.61,broken clouds,2021-06-07 04:48:08
311,Spassk-Ryazanskiy,RU,54.4072,40.3806,63.34,83,27,5.19,scattered clouds,2021-06-07 04:48:08
312,Kaitangata,NZ,-46.2817,169.8464,53.92,78,0,8.23,clear sky,2021-06-07 04:48:08
313,Ayan,RU,56.45,138.1667,42.53,89,93,5.46,overcast clouds,2021-06-07 04:48:09
314,Hoquiam,US,46.9809,-123.8893,50.94,64,90,8.05,overcast clouds,2021-06-07 04:48:09
315,Puerto Suarez,BO,-18.95,-57.8,69.44,86,23,3.2,few clouds,2021-06-07 04:48:09
316,Valdivia,CL,-39.8142,-73.2459,37.49,95,94,1.7,overcast clouds,2021-06-07 04:48:10
317,Oktyabrskoye,RU,43.0645,44.7417,55.54,93,90,5.32,overcast clouds,2021-06-07 04:48:10
318,San Vicente,AR,-26.6167,-54.1333,58.14,100,100,1.79,overcast clouds,2021-06-07 04:48:10
319,Puerto Escondido,MX,15.85,-97.0667,81.77,85,100,9.93,overcast clouds,2021-06-07 04:48:11
320,Port Hedland,AU,-20.3167,118.5667,87.85,19,37,14.97,scattered clouds,2021-06-07 04:48:11
321,Anderson,US,34.5334,-82.6499,74.95,91,20,5.75,few clouds,2021-06-07 04:47:09
322,Emerald,AU,-23.5333,148.1667,75.34,33,0,8.05,clear sky,2021-06-07 04:48:12
323,Longyearbyen,SJ,78.2186,15.6401,35.44,80,75,2.3,broken clouds,2021-06-07 04:48:12
324,Bandarbeyla,SO,9.4942,50.8122,84.52,63,2,27.16,clear sky,2021-06-07 04:48:12
325,Basud,PH,14.065,122.9642,86.49,70,98,2.42,overcast clouds,2021-06-07 04:48:12
326,Fasa,IR,28.9383,53.6482,94.24,10,0,16.11,clear sky,2021-06-07 04:48:13
327,Kibuye,RW,-2.0597,29.3482,64.44,79,88,4.12,overcast clouds,2021-06-07 04:48:13
328,Swift Current,CA,50.2834,-107.8014,58.01,47,75,3.44,broken clouds,2021-06-07 04:45:02
329,Yarada,IN,17.65,83.2667,93.52,55,20,14.5,haze,2021-06-07 04:48:14
330,Yubari,JP,43.0378,141.9578,72.1,55,71,12.26,broken clouds,2021-06-07 04:48:14
331,Ilhabela,BR,-23.7781,-45.3581,70.81,90,88,6.73,overcast clouds,2021-06-07 04:48:14
332,High Level,CA,58.5169,-117.136,55.51,50,75,8.39,broken clouds,2021-06-07 04:48:15
333,Loa Janan,ID,-0.583,117.095,77.34,95,99,3.56,light rain,2021-06-07 04:48:15
334,Boa Vista,BR,2.8197,-60.6733,80.58,78,40,6.91,scattered clouds,2021-06-07 04:48:15
335,Borzya,RU,50.3833,116.5167,83.1,16,0,17.36,clear sky,2021-06-07 04:48:16
336,San Borja,BO,-14.8167,-66.85,69.44,98,52,1.59,broken clouds,2021-06-07 04:48:16
337,Tupik,RU,54.4253,119.9327,82.04,33,83,3.44,broken clouds,2021-06-07 04:48:16
338,Wiesloch,DE,49.2978,8.7014,62.46,93,100,4.07,overcast clouds,2021-06-07 04:48:17
339,Pacasmayo,PE,-7.4006,-79.5714,65.41,86,100,9.86,overcast clouds,2021-06-07 04:48:17
340,Dawei,MM,14.0833,98.2,76.46,94,100,3.33,overcast clouds,2021-06-07 04:48:17
341,Touros,BR,-5.1989,-35.4608,74.3,86,54,12.53,broken clouds,2021-06-07 04:48:18
342,Ryazan,RU,54.6197,39.74,64.13,85,37,5.39,scattered clouds,2021-06-07 04:48:18
343,Iqaluit,CA,63.7506,-68.5145,31.73,93,90,3.0,overcast clouds,2021-06-07 04:48:18
344,Jiangyou,CN,31.7667,104.7167,85.68,42,100,4.47,light rain,2021-06-07 04:48:19
345,Mount Gambier,AU,-37.8333,140.7667,64.31,52,75,19.57,broken clouds,2021-06-07 04:48:19
346,Ostersund,SE,63.1792,14.6357,54.61,100,0,10.36,clear sky,2021-06-07 04:48:19
347,Japura,ID,-0.3167,102.35,94.03,47,25,2.64,scattered clouds,2021-06-07 04:48:20
348,Camacha,PT,33.0833,-16.3333,62.53,72,40,11.5,scattered clouds,2021-06-07 04:48:20
349,Derzhavinsk,KZ,51.1,66.3167,72.86,25,99,13.96,overcast clouds,2021-06-07 04:48:20
350,Mirai,BR,-21.1953,-42.6142,63.3,90,96,2.1,overcast clouds,2021-06-07 04:48:21
351,Mahenge,TZ,-8.6833,36.7167,61.97,69,77,2.98,broken clouds,2021-06-07 04:48:21
352,Ostrovnoy,RU,68.0531,39.5131,41.02,68,32,5.32,scattered clouds,2021-06-07 04:48:21
353,San Ramon,US,37.7799,-121.978,63.27,66,1,3.0,clear sky,2021-06-07 04:48:21
354,Besleney,RU,44.2405,41.7387,58.69,79,95,4.85,overcast clouds,2021-06-07 04:48:22
355,Lasa,IT,46.6166,10.7002,59.88,91,100,0.81,overcast clouds,2021-06-07 04:48:22
356,Santa Rosa,PH,14.3122,121.1114,92.1,67,82,2.89,broken clouds,2021-06-07 04:48:22
357,Baoying,CN,33.2292,119.3092,96.64,16,99,13.13,overcast clouds,2021-06-07 04:48:23
358,Chengde,CN,40.9725,117.9361,75.09,46,97,5.99,overcast clouds,2021-06-07 04:48:23
359,Linden,GY,6.0,-58.3,75.34,99,88,1.72,overcast clouds,2021-06-07 04:48:23
360,Guozhen,CN,34.3659,107.359,95.47,24,86,2.42,overcast clouds,2021-06-07 04:48:24
361,Olafsvik,IS,64.8945,-23.7142,46.49,89,100,3.53,light rain,2021-06-07 04:48:24
362,Kashi,CN,39.4547,75.9797,87.01,13,20,5.84,few clouds,2021-06-07 04:48:24
363,Beringovskiy,RU,63.05,179.3167,34.38,99,100,3.44,overcast clouds,2021-06-07 04:48:25
364,Launceston,AU,-41.45,147.1667,58.64,76,90,8.01,overcast clouds,2021-06-07 04:48:25
365,Lompoc,US,34.6391,-120.4579,59.13,87,90,6.24,overcast clouds,2021-06-07 04:46:26
366,Port Hardy,CA,50.6996,-127.4199,51.98,82,75,0.0,broken clouds,2021-06-07 04:45:49
367,Moron,AR,-34.6534,-58.6198,53.98,89,97,1.01,overcast clouds,2021-06-07 04:48:09
368,Manicore,BR,-5.8092,-61.3003,72.41,98,92,0.56,overcast clouds,2021-06-07 04:48:26
369,Bilma,NE,18.6853,12.9164,85.17,19,84,7.83,broken clouds,2021-06-07 04:48:26
370,Am Timan,TD,11.0297,20.2827,81.5,59,89,1.43,overcast clouds,2021-06-07 04:48:26
371,Cascais,PT,38.6979,-9.4215,60.48,71,0,20.0,clear sky,2021-06-07 04:48:27
372,Almeirim,BR,-1.5233,-52.5817,74.1,92,66,2.84,moderate rain,2021-06-07 04:48:27
373,Namibe,AO,-15.1961,12.1522,74.7,42,4,8.1,clear sky,2021-06-07 04:46:30
374,Banyo,CM,6.75,11.8167,62.73,95,56,2.68,broken clouds,2021-06-07 04:48:28
375,Saint-Augustin,CA,51.226,-58.6502,47.07,77,97,11.41,overcast clouds,2021-06-07 04:48:28
376,Pasighat,IN,28.0667,95.3333,78.6,90,97,1.34,overcast clouds,2021-06-07 04:48:28
377,Asaba,NG,6.2006,6.7338,70.75,97,84,0.67,broken clouds,2021-06-07 04:48:29
378,Shancheng,CN,34.7953,116.0817,100.11,14,100,18.05,overcast clouds,2021-06-07 04:48:29
379,Morant Bay,JM,17.8815,-76.4093,82.02,84,4,9.66,clear sky,2021-06-07 04:48:29
380,Rosarito,MX,32.3333,-117.0333,63.19,78,56,3.13,broken clouds,2021-06-07 04:48:30
381,Sungaipenuh,ID,-2.0833,101.3833,80.24,52,55,5.26,broken clouds,2021-06-07 04:48:30
382,Tuxtepec,MX,18.1,-96.1167,79.59,82,74,3.8,broken clouds,2021-06-07 04:47:13
383,Atbasar,KZ,51.8,68.3333,71.65,28,52,7.7,broken clouds,2021-06-07 04:48:31
384,Meulaboh,ID,4.1363,96.1285,84.25,64,100,6.82,overcast clouds,2021-06-07 04:48:31
385,Ovsyanka,RU,55.9575,92.5519,67.17,75,98,13.29,overcast clouds,2021-06-07 04:48:31
386,Thompson,CA,55.7435,-97.8558,53.76,87,90,10.36,overcast clouds,2021-06-07 04:48:32
387,Tautira,PF,-17.7333,-149.15,80.62,69,5,6.71,clear sky,2021-06-07 04:48:32
388,Yumen,CN,40.2833,97.2,72.86,13,83,14.5,broken clouds,2021-06-07 04:48:32
389,Novyy Urengoy,RU,66.0833,76.6333,43.63,41,90,12.39,overcast clouds,2021-06-07 04:48:33
390,Axim,GH,4.8699,-2.2405,77.58,87,29,7.29,moderate rain,2021-06-07 04:48:33
391,Abadiania,BR,-16.2042,-48.7069,65.32,72,93,2.89,overcast clouds,2021-06-07 04:48:33
392,Laguna,US,38.421,-121.4238,76.82,46,1,5.99,clear sky,2021-06-07 04:48:34
393,Vila Franca Do Campo,PT,37.7167,-25.4333,63.01,90,100,4.23,overcast clouds,2021-06-07 04:48:34
394,Kralendijk,BQ,12.15,-68.2667,80.58,83,20,14.97,few clouds,2021-06-07 04:48:34
395,Tombouctou,ML,20.0,-3.0,91.09,18,2,7.81,clear sky,2021-06-07 04:48:34
396,Souillac,MU,-20.5167,57.5167,77.36,78,75,18.01,light rain,2021-06-07 04:46:27
397,Faya,SA,18.3851,42.4509,70.32,24,6,1.88,clear sky,2021-06-07 04:48:12
398,Dingle,PH,10.9995,122.6711,88.03,61,100,6.53,overcast clouds,2021-06-07 04:48:35
399,Ossora,RU,59.2353,163.0719,42.06,89,100,4.07,overcast clouds,2021-06-07 04:48:35
400,Caravelas,BR,-17.7125,-39.2481,71.53,86,53,3.04,broken clouds,2021-06-07 04:48:36
401,Garowe,SO,8.4054,48.4845,81.14,57,0,25.3,clear sky,2021-06-07 04:48:36
402,Strezhevoy,RU,60.7333,77.5889,51.78,34,67,1.19,broken clouds,2021-06-07 04:48:36
403,Volksrust,ZA,-27.3654,29.8818,34.14,86,0,2.55,clear sky,2021-06-07 04:48:36
404,Knysna,ZA,-34.0363,23.0471,75.58,33,3,8.81,clear sky,2021-06-07 04:48:37
405,Roald,NO,62.5833,6.1333,55.33,87,75,6.91,broken clouds,2021-06-07 04:48:37
406,Funadhoo,MV,6.15,73.2667,82.24,78,100,16.91,overcast clouds,2021-06-07 04:48:37
407,Altay,CN,47.8667,88.1167,70.3,22,0,9.06,clear sky,2021-06-07 04:48:38
408,Wairoa,NZ,-39.0333,177.3667,57.6,83,100,7.81,overcast clouds,2021-06-07 04:48:38
409,San Andres,CO,12.5847,-81.7006,82.42,78,40,17.27,scattered clouds,2021-06-07 04:48:38
410,Rosetta,EG,31.4044,30.4164,71.42,64,0,10.6,clear sky,2021-06-07 04:48:39
411,Yerbogachen,RU,61.2767,108.0108,52.59,45,75,11.43,broken clouds,2021-06-07 04:48:39
412,Nyrob,RU,60.733,56.7202,55.49,63,99,8.63,overcast clouds,2021-06-07 04:48:39
413,Tres Arroyos,AR,-38.3739,-60.2798,49.05,50,100,10.07,light rain,2021-06-07 04:48:40
414,Amapa,BR,1.0,-52.0,70.29,99,43,1.79,scattered clouds,2021-06-07 04:48:40
415,Martinsicuro,IT,42.8811,13.9145,69.71,82,100,4.52,overcast clouds,2021-06-07 04:48:40
416,Ixtapa,MX,20.7,-105.2,81.23,78,1,0.0,clear sky,2021-06-07 04:48:40
417,Winslow,US,35.0242,-110.6974,73.58,18,1,10.36,clear sky,2021-06-07 04:44:05
418,Kenmare,IE,51.8833,-9.5833,45.84,96,65,4.65,broken clouds,2021-06-07 04:48:41
419,Kenai,US,60.5544,-151.2583,66.29,54,1,18.41,clear sky,2021-06-07 04:48:41
420,Mwanza,TZ,-2.5167,32.9,69.85,64,0,8.05,clear sky,2021-06-07 04:48:42
421,Kupang,ID,-10.1667,123.5833,86.34,54,23,3.69,few clouds,2021-06-07 04:48:42
422,Saint Anthony,US,45.0205,-93.218,82.54,51,1,9.01,clear sky,2021-06-07 04:48:42
423,Tevriz,RU,57.509,72.4042,71.56,46,90,3.38,overcast clouds,2021-06-07 04:48:42
424,Clinton,US,42.587,-82.9199,80.06,74,1,1.01,clear sky,2021-06-07 04:48:43
425,Ahuimanu,US,21.4447,-157.8378,82.11,65,75,13.8,light rain,2021-06-07 04:48:43
426,Xanxere,BR,-26.8769,-52.4042,55.9,97,100,2.13,light rain,2021-06-07 04:48:43
427,Ancud,CL,-41.8697,-73.8203,53.22,88,100,17.81,light rain,2021-06-07 04:48:44
428,La Macarena,CO,2.1837,-73.7849,71.13,99,100,2.86,overcast clouds,2021-06-07 04:48:44
429,Kamaishi,JP,39.2667,141.8833,81.55,55,88,8.16,overcast clouds,2021-06-07 04:48:44
430,Angoram,PG,-4.0625,144.0661,84.43,72,100,1.01,overcast clouds,2021-06-07 04:48:45
431,Bambari,CF,5.768,20.6757,69.35,92,93,1.59,overcast clouds,2021-06-07 04:48:45
432,Severo-Kurilsk,RU,50.6789,156.125,43.09,93,100,14.41,overcast clouds,2021-06-07 04:48:45
433,Chopinzinho,BR,-25.8558,-52.5233,57.94,97,100,4.47,light rain,2021-06-07 04:48:46
434,Kuytun,RU,54.3419,101.5036,63.64,41,12,6.13,few clouds,2021-06-07 04:48:46
435,Privolzhskiy,RU,51.4,46.0333,64.31,88,86,1.92,overcast clouds,2021-06-07 04:48:46
436,Pionerskiy,RU,54.9508,20.2275,57.04,80,3,6.64,clear sky,2021-06-07 04:48:47
437,Mahebourg,MU,-20.4081,57.7,77.25,78,75,9.22,light rain,2021-06-07 04:48:47
438,Ginda,IN,30.6945,78.4932,81.25,34,3,5.26,clear sky,2021-06-07 04:48:47
439,Taoudenni,ML,22.6783,-3.9836,95.49,11,48,7.99,scattered clouds,2021-06-07 04:48:48
440,Biograd Na Moru,HR,43.9433,15.4519,68.76,82,100,4.18,overcast clouds,2021-06-07 04:48:48
441,La Ronge,CA,55.1001,-105.2842,53.85,71,75,0.0,broken clouds,2021-06-07 04:48:48
442,Pochutla,MX,15.7432,-96.4661,76.82,89,100,3.53,overcast clouds,2021-06-07 04:48:48
443,Ipameri,BR,-17.7219,-48.1597,64.63,63,100,3.83,overcast clouds,2021-06-07 04:48:49
444,Porto Velho,BR,-8.7619,-63.9039,75.25,94,20,0.0,few clouds,2021-06-07 04:44:53
445,Waingapu,ID,-9.6567,120.2641,85.86,63,82,13.56,broken clouds,2021-06-07 04:48:49
446,Puerto Carreno,CO,6.189,-67.4859,75.36,96,100,5.35,overcast clouds,2021-06-07 04:48:49
447,Luganville,VU,-15.5333,167.1667,76.98,81,100,10.47,overcast clouds,2021-06-07 04:48:50
448,Kodinsk,RU,58.6881,99.1844,53.67,97,100,7.83,moderate rain,2021-06-07 04:48:50
449,Naze,JP,28.3667,129.4833,77.92,91,100,9.82,heavy intensity rain,2021-06-07 04:48:51
450,College,US,64.8569,-147.8028,70.12,44,40,8.05,scattered clouds,2021-06-07 04:44:24
451,Porto Novo,BJ,6.4965,2.6036,80.42,89,63,2.82,light rain,2021-06-07 04:48:51
452,Volovo,UA,48.5246,23.5056,55.09,72,6,3.36,clear sky,2021-06-07 04:48:51
453,Hualmay,PE,-11.0964,-77.6139,62.58,87,39,5.91,scattered clouds,2021-06-07 04:48:52
454,Orlik,RU,52.5178,99.825,54.99,36,30,4.5,scattered clouds,2021-06-07 04:48:52
455,Cap Malheureux,MU,-19.9842,57.6142,77.47,75,14,5.99,few clouds,2021-06-07 04:48:52
456,Sioux Lookout,CA,50.1001,-91.917,68.38,56,1,8.05,clear sky,2021-06-07 04:48:08
457,Edd,ER,13.9297,41.6925,87.85,68,32,6.51,scattered clouds,2021-06-07 04:48:53
458,Yarovoye,RU,52.9273,78.58,74.91,27,1,1.54,clear sky,2021-06-07 04:48:53
459,Gizo,SB,-8.103,156.8419,84.56,69,76,3.09,broken clouds,2021-06-07 04:48:53
460,Egvekinot,RU,66.3167,-179.1667,42.13,51,5,1.12,clear sky,2021-06-07 04:48:53
461,Palafrugell,ES,41.9174,3.1631,64.26,81,22,2.35,few clouds,2021-06-07 04:48:54
462,Vanimo,PG,-2.6741,141.3028,81.37,85,88,5.79,overcast clouds,2021-06-07 04:48:54
463,Guangyuan,CN,32.442,105.823,87.91,39,100,3.62,overcast clouds,2021-06-07 04:48:54
464,Locri,IT,38.2414,16.2623,72.75,64,64,5.39,light rain,2021-06-07 04:48:55
465,General Roca,AR,-39.0333,-67.5833,46.8,48,91,6.62,light rain,2021-06-07 04:48:55
466,Kibre Mengist,ET,5.8833,38.9833,61.09,89,86,3.11,overcast clouds,2021-06-07 04:48:55
467,Sisimiut,GL,66.9395,-53.6735,39.02,94,99,5.73,overcast clouds,2021-06-07 04:48:56
468,Ambilobe,MG,-13.2,49.05,74.82,75,55,3.22,broken clouds,2021-06-07 04:48:56
469,Marawi,PH,7.9986,124.2928,81.41,62,59,4.32,broken clouds,2021-06-07 04:48:56
470,Marsa Matruh,EG,31.3525,27.2453,71.69,65,0,10.33,clear sky,2021-06-07 04:48:57
471,Perth,AU,-31.9333,115.8333,64.67,55,0,8.19,clear sky,2021-06-07 04:44:49
472,Grindavik,IS,63.8424,-22.4338,48.15,93,75,6.87,broken clouds,2021-06-07 04:48:57
473,Daru,PG,-9.0763,143.2092,78.51,89,94,16.67,overcast clouds,2021-06-07 04:48:57
474,Vung Tau,VN,10.346,107.0843,87.69,67,100,11.16,overcast clouds,2021-06-07 04:46:53
475,Kendari,ID,-3.945,122.4989,85.68,61,71,5.99,broken clouds,2021-06-07 04:48:58
476,Pryozerne,UA,45.2698,36.3303,64.31,66,77,9.31,broken clouds,2021-06-07 04:48:58
477,Labuhan,ID,-6.8844,112.2051,88.05,60,93,2.77,overcast clouds,2021-06-07 04:48:59
478,Mashhad,IR,36.297,59.6062,82.54,42,0,11.5,clear sky,2021-06-07 04:48:59
479,Almaznyy,RU,48.0448,40.045,62.74,76,99,11.21,overcast clouds,2021-06-07 04:48:59
480,Airai,TL,-8.9266,125.4092,74.5,45,96,3.11,overcast clouds,2021-06-07 04:49:00
481,Baganga,PH,7.5739,126.56,81.88,83,83,3.27,broken clouds,2021-06-07 04:49:00
482,Sassandra,CI,4.95,-6.0833,76.46,90,33,4.34,light rain,2021-06-07 04:49:00
483,Quelimane,MZ,-17.8786,36.8883,60.75,93,40,5.01,light rain,2021-06-07 04:49:01
484,Lumding,IN,25.7535,93.1732,92.61,51,80,2.91,broken clouds,2021-06-07 04:49:01
485,Uvinza,TZ,-5.1036,30.3911,66.97,70,88,7.02,overcast clouds,2021-06-07 04:49:01
486,Chibuto,MZ,-24.6867,33.5306,60.48,84,27,3.65,scattered clouds,2021-06-07 04:49:02
487,Cabra,ES,37.4725,-4.4421,71.4,58,0,4.25,clear sky,2021-06-07 04:49:02
488,Pemba,MZ,-12.974,40.5178,65.1,93,20,8.99,few clouds,2021-06-07 04:49:02
489,Oksfjord,NO,70.2396,22.3479,54.52,42,62,4.85,broken clouds,2021-06-07 04:49:03
490,Buraydah,SA,26.326,43.975,88.25,10,22,10.76,few clouds,2021-06-07 04:49:03
491,Shache,CN,38.4167,77.2406,89.98,13,99,3.53,overcast clouds,2021-06-07 04:49:03
492,Valparaiso,CL,-33.0393,-71.6273,54.48,60,100,6.42,overcast clouds,2021-06-07 04:49:04
493,Barcelona,ES,41.3888,2.159,66.54,87,20,1.99,few clouds,2021-06-07 04:48:19
494,Donskoye,RU,45.4552,41.9741,62.73,79,100,8.34,overcast clouds,2021-06-07 04:49:04
495,Milkovo,RU,54.7167,158.6167,53.96,71,97,1.63,light rain,2021-06-07 04:49:04
496,Palu,ID,-0.8917,119.8707,83.64,76,100,1.81,overcast clouds,2021-06-07 04:48:21
497,Matara,LK,5.9485,80.5353,85.08,71,96,12.48,overcast clouds,2021-06-07 04:49:05
498,Bairiki,KI,1.3292,172.9752,84.2,74,75,10.13,broken clouds,2021-06-07 04:49:05
499,Rocha,UY,-34.4833,-54.3333,45.14,90,95,3.69,overcast clouds,2021-06-07 04:49:06
500,Narasapur,IN,16.45,81.6667,94.77,50,53,9.26,broken clouds,2021-06-07 04:49:06
501,Saurimo,AO,-9.6608,20.3916,57.09,62,24,6.69,few clouds,2021-06-07 04:49:06
502,Bend,US,44.0582,-121.3153,51.66,52,1,1.99,clear sky,2021-06-07 04:49:06
503,Atar,MR,20.5169,-13.0499,87.01,18,6,15.64,clear sky,2021-06-07 04:49:07
504,Birin,NP,26.8865,88.0718,71.62,75,11,5.3,few clouds,2021-06-07 04:49:07
505,Hobyo,SO,5.3505,48.5268,81.19,74,3,21.36,clear sky,2021-06-07 04:49:07
506,Torbat-E Jam,IR,35.244,60.6225,86.02,26,0,3.31,clear sky,2021-06-07 04:49:08
507,Xining,CN,36.6167,101.7667,71.26,33,8,6.11,clear sky,2021-06-07 04:49:08
508,Yining,CN,29.0361,114.5636,91.94,42,84,2.84,broken clouds,2021-06-07 04:49:08
509,Palauig,PH,15.435,119.9045,86.65,70,100,11.92,overcast clouds,2021-06-07 04:49:09
510,Priiskovyy,RU,51.9333,116.6333,85.35,20,10,6.04,clear sky,2021-06-07 04:49:09
511,Kushva,RU,58.2906,59.7592,69.06,52,33,2.06,scattered clouds,2021-06-07 04:49:10
512,Mehamn,NO,71.0357,27.8492,44.78,70,0,10.36,clear sky,2021-06-07 04:49:10
513,Khani,GE,41.9563,42.9566,53.17,71,2,2.84,clear sky,2021-06-07 04:49:10
514,Ola,RU,59.5833,151.2833,48.18,78,61,9.1,broken clouds,2021-06-07 04:49:10
515,Asau,RO,46.4333,26.4,65.39,57,23,2.48,few clouds,2021-06-07 04:49:11
516,Puerto Leguizamo,CO,-0.1934,-74.7819,71.26,100,99,2.73,light rain,2021-06-07 04:49:11
517,Chokurdakh,RU,70.6333,147.9167,47.28,48,36,7.25,scattered clouds,2021-06-07 04:47:35
518,Krasnorechenskiy,RU,44.6265,135.3532,69.87,49,29,5.12,scattered clouds,2021-06-07 04:49:11
519,Jennings,US,38.7192,-90.2604,76.14,85,1,1.01,clear sky,2021-06-07 04:49:12
520,Saquarema,BR,-22.92,-42.5103,70.68,88,5,8.25,clear sky,2021-06-07 04:47:08
521,Cauquenes,CL,-35.9671,-72.3225,47.79,65,100,1.59,overcast clouds,2021-06-07 04:49:12
522,Margate,GB,51.3813,1.3862,59.04,89,16,1.01,few clouds,2021-06-07 04:49:12
523,Waddan,LY,29.1614,16.139,74.91,28,1,7.9,clear sky,2021-06-07 04:49:13
524,Iquitos,PE,-3.7481,-73.2472,77.04,94,75,3.44,broken clouds,2021-06-07 04:44:25
525,Freeport,US,40.6576,-73.5832,82.38,78,1,1.01,clear sky,2021-06-07 04:49:13
526,Hokitika,NZ,-42.7167,170.9667,53.53,83,100,4.32,overcast clouds,2021-06-07 04:49:13
527,Kutum,SD,14.2,24.6667,78.01,18,14,4.27,few clouds,2021-06-07 04:48:16
528,Biltine,TD,14.5333,20.9167,85.42,19,93,7.52,overcast clouds,2021-06-07 04:49:14
529,Arrifes,PT,37.7667,-25.7,61.05,88,40,0.0,scattered clouds,2021-06-07 04:49:14
530,Goderich,CA,43.7501,-81.7165,75.52,53,61,6.91,broken clouds,2021-06-07 04:45:49
531,Kambove,CD,-10.8764,26.5969,50.29,85,69,4.27,broken clouds,2021-06-07 04:49:15
532,Zhangye,CN,38.9342,100.4517,77.29,21,30,11.95,scattered clouds,2021-06-07 04:49:15
533,Mayo,US,38.8876,-76.5119,80.38,89,1,1.99,clear sky,2021-06-07 04:49:15
534,Yanji,CN,42.9075,129.5078,76.3,39,10,3.89,clear sky,2021-06-07 04:49:16
535,Kungurtug,RU,50.5994,97.5228,52.56,44,89,7.47,overcast clouds,2021-06-07 04:49:16
536,Hoi An,VN,15.8794,108.335,93.16,59,100,8.05,overcast clouds,2021-06-07 04:49:16
537,Brownsburg,US,39.8434,-86.3978,72.5,85,90,3.0,overcast clouds,2021-06-07 04:49:17
538,Baruun-Urt,MN,46.6806,113.2792,79.97,32,70,13.87,broken clouds,2021-06-07 04:49:17
539,Espanola,US,35.9911,-106.0806,74.14,55,96,6.49,overcast clouds,2021-06-07 04:49:17
540,Misratah,LY,32.3754,15.0925,74.26,48,23,14.14,few clouds,2021-06-07 04:49:17
541,Nantucket,US,41.2835,-70.0995,72.12,89,1,10.36,clear sky,2021-06-07 04:46:57
542,Aripuana,BR,-9.1667,-60.6333,75.09,78,100,0.85,overcast clouds,2021-06-07 04:49:18
543,Tamandare,BR,-8.7597,-35.1047,74.68,87,30,5.68,scattered clouds,2021-06-07 04:49:18
544,Sangar,RU,63.9242,127.4739,47.14,84,100,3.27,light rain,2021-06-07 04:49:19
545,Aswan,EG,24.0934,32.907,84.24,17,0,18.3,clear sky,2021-06-07 04:49:19
546,Mecca,SA,21.4267,39.8261,89.53,42,12,2.98,few clouds,2021-06-07 04:49:19
547,Nkwerre,NG,5.7556,7.1063,69.06,95,66,2.01,broken clouds,2021-06-07 04:49:19
548,Jacmel,HT,18.2342,-72.5347,80.44,84,31,4.81,scattered clouds,2021-06-07 04:49:20
549,Qostanay,KZ,53.1667,63.5833,77.29,19,0,0.0,clear sky,2021-06-07 04:47:03
550,Hillsborough,US,37.5741,-122.3794,62.28,73,20,3.0,haze,2021-06-07 04:46:37
551,Usinsk,RU,65.9939,57.5281,39.85,57,97,16.33,overcast clouds,2021-06-07 04:49:20
552,Itoman,JP,26.1247,127.6694,86.38,70,75,9.22,light rain,2021-06-07 04:49:20
553,Praia,CV,14.9215,-23.5087,77.54,44,0,18.41,clear sky,2021-06-07 04:49:21
554,Erenhot,CN,43.6475,111.9767,83.68,21,52,20.49,broken clouds,2021-06-07 04:49:21
555,Nemuro,JP,43.3236,145.575,70.23,86,43,5.41,scattered clouds,2021-06-07 04:49:22
556,Goma,CD,-1.6792,29.2228,62.47,84,100,2.91,overcast clouds,2021-06-07 04:49:22
557,Tekeli,KZ,44.83,78.8239,71.15,46,100,5.01,overcast clouds,2021-06-07 04:49:23
558,Tromso,NO,69.6496,18.957,55.38,62,0,2.3,clear sky,2021-06-07 04:48:30
559,Clarence Town,AU,-32.5833,151.7833,68.61,55,89,1.59,overcast clouds,2021-06-07 04:49:23
560,Dilla,ET,6.41,38.31,65.73,81,81,1.68,broken clouds,2021-06-07 04:49:24
561,Alta Floresta,BR,-9.8756,-56.0861,73.08,65,100,3.96,overcast clouds,2021-06-07 04:49:24
562,Ahipara,NZ,-35.1667,173.1667,60.84,89,99,13.96,overcast clouds,2021-06-07 04:49:25
563,Jiaxing,CN,30.7522,120.75,87.82,42,100,12.37,overcast clouds,2021-06-07 04:49:25
564,Leningradskiy,RU,69.3833,178.4167,43.43,68,7,15.39,clear sky,2021-06-07 04:49:26
565,Samarai,PG,-10.6167,150.6667,77.0,91,100,13.29,overcast clouds,2021-06-07 04:49:26
566,Corinto,GR,37.9407,22.9573,75.69,68,14,5.97,few clouds,2021-06-07 04:49:27
567,Severobaykalsk,RU,55.65,109.3167,52.68,50,100,1.88,overcast clouds,2021-06-07 04:49:27
568,Aksha,RU,50.2814,113.2867,83.82,19,64,16.91,broken clouds,2021-06-07 04:49:27
569,Charyshskoye,RU,51.3978,83.5598,70.03,48,1,2.86,clear sky,2021-06-07 04:49:28
570,Bousso,TD,10.4795,16.7117,80.4,62,53,4.85,broken clouds,2021-06-07 04:49:28
571,Koupela,BF,12.1794,-0.3517,82.02,56,99,11.12,overcast clouds,2021-06-07 04:49:28
572,Gazanjyk,TM,39.2446,55.5154,79.93,41,0,14.7,clear sky,2021-06-07 04:49:28
573,Ixtlan Del Rio,MX,21.0333,-104.3667,74.41,64,21,3.04,few clouds,2021-06-07 04:49:29
574,Middelburg,ZA,-25.7751,29.4648,39.78,79,0,3.94,clear sky,2021-06-07 04:49:29
575,Namuac,PH,18.6109,121.1657,84.33,78,100,5.3,overcast clouds,2021-06-07 04:49:29
576,Tsabong,BW,-26.0217,22.401,46.27,64,0,13.18,clear sky,2021-06-07 04:49:30
577,Yar-Sale,RU,66.8333,70.8333,41.29,53,93,9.86,overcast clouds,2021-06-07 04:49:30
578,Genhe,CN,50.7833,121.5167,80.4,21,17,7.07,few clouds,2021-06-07 04:49:31
579,Backo Petrovo Selo,RS,45.7081,20.0753,63.63,72,3,5.48,clear sky,2021-06-07 04:49:31
580,Upington,ZA,-28.4478,21.2561,52.18,54,0,9.22,clear sky,2021-06-07 04:49:31
581,Arman,RU,59.7,150.1667,50.43,75,99,9.69,overcast clouds,2021-06-07 04:49:32
582,Itaituba,BR,-4.2761,-55.9836,71.92,96,100,0.45,overcast clouds,2021-06-07 04:49:32
583,Warrnambool,AU,-38.3833,142.4833,63.81,50,100,25.68,overcast clouds,2021-06-07 04:49:32
584,Flinders,AU,-34.5833,150.8552,69.19,59,99,1.99,overcast clouds,2021-06-07 04:49:33
585,Chkalovsk,RU,56.7647,43.2433,67.59,86,14,3.38,few clouds,2021-06-07 04:49:33
586,Kayerkan,RU,69.3497,87.7602,32.47,91,100,7.58,light snow,2021-06-07 04:49:33
587,Ponta Delgada,PT,37.7333,-25.6667,63.32,88,40,0.0,scattered clouds,2021-06-07 04:49:34
588,Shingu,JP,33.7333,135.9833,79.79,70,100,7.18,overcast clouds,2021-06-07 04:49:34
589,Aleksandrov Gay,RU,50.147,48.5704,69.04,64,50,6.44,scattered clouds,2021-06-07 04:49:34
590,Kununurra,AU,-15.7667,128.7333,87.78,18,16,6.91,few clouds,2021-06-07 04:49:35
591,Honiara,SB,-9.4333,159.95,84.02,74,34,5.97,scattered clouds,2021-06-07 04:49:35
592,Visnes,NO,59.3556,5.2242,54.57,94,0,5.75,clear sky,2021-06-07 04:49:35
593,Rosario,AR,-32.9468,-60.6393,49.95,79,0,1.01,clear sky,2021-06-07 04:47:37
594,Coffs Harbour,AU,-30.3,153.1333,69.76,53,17,10.36,few clouds,2021-06-07 04:48:41
595,Ilo,PE,-17.6394,-71.3375,62.33,83,86,5.37,overcast clouds,2021-06-07 04:49:36
596,Byron Bay,AU,-28.65,153.6167,71.06,63,23,5.35,few clouds,2021-06-07 04:49:15
597,Gibsons,CA,49.3997,-123.5027,51.01,86,100,6.55,overcast clouds,2021-06-07 04:45:49
598,Lakes Entrance,AU,-37.8811,147.981,62.58,52,91,13.65,overcast clouds,2021-06-07 04:48:08
599,Nikolayevsk-Na-Amure,RU,53.1406,140.73,49.73,75,100,8.99,overcast clouds,2021-06-07 04:49:37
600,Corona,US,33.8753,-117.5664,67.87,76,1,11.5,clear sky,2021-06-07 04:49:37
601,Francavilla Fontana,IT,40.5306,17.5852,72.27,60,29,1.57,light rain,2021-06-07 04:49:37
602,Montepuez,MZ,-13.1256,38.9997,64.58,78,68,8.32,broken clouds,2021-06-07 04:49:38
603,Aykhal,RU,66.0,111.5,39.54,87,81,32.88,light rain,2021-06-07 04:49:38
604,Jijiang,CN,29.2906,106.2542,86.59,54,100,9.4,moderate rain,2021-06-07 04:49:38
605,Pallasovka,RU,50.05,46.8833,68.27,60,100,0.54,overcast clouds,2021-06-07 04:49:39
606,Teya,RU,60.3778,92.6267,56.25,48,78,15.7,light rain,2021-06-07 04:49:39
607,Reconquista,AR,-29.15,-59.65,56.7,72,99,8.93,overcast clouds,2021-06-07 04:49:39
608,Nobres,BR,-14.7203,-56.3275,71.94,60,74,4.52,broken clouds,2021-06-07 04:49:40
609,Forio,IT,40.7342,13.8646,70.27,81,80,6.11,broken clouds,2021-06-07 04:49:40
610,Hirado,JP,33.3597,129.5531,79.95,82,85,5.61,overcast clouds,2021-06-07 04:49:40
611,Mandalgovi,MN,45.7625,106.2708,57.22,43,0,18.23,clear sky,2021-06-07 04:49:41
612,Labrea,BR,-7.2586,-64.7981,72.41,97,100,0.58,overcast clouds,2021-06-07 04:49:41
613,Chiredzi,ZW,-21.05,31.6667,53.67,88,62,3.96,broken clouds,2021-06-07 04:49:41
614,Polunochnoye,RU,60.8697,60.4153,50.09,49,79,9.46,broken clouds,2021-06-07 04:49:42
615,Mauriti,BR,-7.3892,-38.7744,75.51,82,63,5.35,broken clouds,2021-06-07 04:49:42
616,Coquimbo,CL,-29.9533,-71.3436,55.13,82,90,4.34,overcast clouds,2021-06-07 04:49:42
617,Salta,AR,-24.7859,-65.4117,55.99,90,75,3.0,broken clouds,2021-06-07 04:49:13
618,Tupancireta,BR,-29.0806,-53.8358,53.58,96,100,11.36,overcast clouds,2021-06-07 04:49:43
619,Inta,RU,66.0317,60.1659,40.42,57,100,14.18,overcast clouds,2021-06-07 04:49:43
620,Luanda,AO,-8.8368,13.2343,77.0,83,75,3.44,broken clouds,2021-06-07 04:49:43
621,Ronne,DK,55.1009,14.7066,57.11,88,2,2.3,clear sky,2021-06-07 04:49:44
622,Khorramabad,IR,33.4878,48.3558,80.69,16,0,2.93,clear sky,2021-06-07 04:49:44
623,Griffin,US,33.2468,-84.2641,73.35,95,75,3.44,broken clouds,2021-06-07 04:49:44
624,Portlethen,GB,57.0547,-2.1307,51.57,96,90,4.0,overcast clouds,2021-06-07 04:49:45
625,Pavlovsk,RU,50.4578,40.1081,61.39,84,91,6.71,overcast clouds,2021-06-07 04:49:45
626,Kaspiysk,RU,42.8816,47.6392,68.23,72,20,15.99,few clouds,2021-06-07 04:49:45
627,Adrar,MR,20.5022,-10.0711,87.01,15,0,16.73,clear sky,2021-06-07 04:49:46
628,Le Locle,CH,47.0595,6.7523,56.3,100,90,6.91,overcast clouds,2021-06-07 04:49:46
629,Salym,RU,60.0625,71.4789,55.54,70,100,6.33,light rain,2021-06-07 04:49:46
630,Imeni Poliny Osipenko,RU,52.4201,136.4853,67.53,53,54,6.62,broken clouds,2021-06-07 04:49:46
631,Bucerias,MX,20.75,-105.3333,81.99,78,1,1.88,clear sky,2021-06-07 04:45:19
632,Abu Dhabi,AE,24.4667,54.3667,91.51,62,0,9.37,clear sky,2021-06-07 04:48:38
633,Wanaka,NZ,-44.7,169.15,45.52,89,19,1.81,few clouds,2021-06-07 04:49:47
634,Tecoanapa,MX,16.5167,-98.75,82.85,79,95,8.43,overcast clouds,2021-06-07 04:49:47
635,Kolhapur,IN,16.7,74.2167,82.17,60,29,11.48,scattered clouds,2021-06-07 04:49:47
636,Sorland,NO,67.667,12.6934,51.87,97,100,3.31,overcast clouds,2021-06-07 04:49:48
637,Winfield,US,37.2398,-96.9956,74.66,83,20,5.75,few clouds,2021-06-07 04:45:49
638,Kangaatsiaq,GL,68.3065,-53.4641,36.86,87,27,8.43,scattered clouds,2021-06-07 04:49:48
639,Abu Zabad,SD,12.35,29.25,81.95,58,99,12.5,overcast clouds,2021-06-07 04:49:49
640,Wajir,KE,1.7471,40.0573,75.16,78,75,6.91,broken clouds,2021-06-07 04:49:49
641,Guhagar,IN,17.4842,73.1929,86.5,65,76,7.4,broken clouds,2021-06-07 04:49:49
642,Ituporanga,BR,-27.4144,-49.6025,62.01,99,100,2.39,moderate rain,2021-06-07 04:49:49
643,Dalbandin,PK,28.8947,64.4101,97.23,22,0,8.59,clear sky,2021-06-07 04:49:50
644,Dhanwar,IN,24.4167,85.9833,100.0,28,92,14.74,overcast clouds,2021-06-07 04:49:50
645,Hefei,CN,31.8639,117.2808,95.02,28,0,6.71,clear sky,2021-06-07 04:48:51
646,Odesskoye,RU,54.2111,72.9651,73.62,31,5,6.17,clear sky,2021-06-07 04:49:51
647,Mossendjo,CG,-2.9506,12.7261,67.32,100,48,0.54,scattered clouds,2021-06-07 04:49:51
648,Vardo,NO,70.3705,31.1107,44.8,71,6,7.4,clear sky,2021-06-07 04:49:51
649,Dossor,KZ,47.5272,52.9811,78.13,33,12,10.89,few clouds,2021-06-07 04:49:51
650,Semirom,IR,31.4167,51.5667,75.2,13,0,10.16,clear sky,2021-06-07 04:49:52
651,Port Shepstone,ZA,-30.7414,30.455,56.35,64,0,8.01,clear sky,2021-06-07 04:49:52
652,Farafangana,MG,-22.8167,47.8333,67.44,77,93,11.21,light rain,2021-06-07 04:49:52
653,Nokaneng,BW,-19.6667,22.2667,44.85,78,0,7.25,clear sky,2021-06-07 04:49:53
654,Sakakah,SA,29.9697,40.2064,81.97,17,0,5.75,clear sky,2021-06-07 04:49:53
655,Verkhoyansk,RU,67.5447,133.385,57.09,46,100,9.89,overcast clouds,2021-06-07 04:49:53
656,Talkha,EG,31.0539,31.3779,70.74,64,0,4.63,clear sky,2021-06-07 04:49:53
657,Grand-Santi,GF,4.25,-54.3833,71.33,100,100,2.24,overcast clouds,2021-06-07 04:49:54
658,Road Town,VG,18.4167,-64.6167,80.69,76,100,18.57,overcast clouds,2021-06-07 04:46:44
659,Sayula,MX,19.8667,-103.6167,66.96,82,64,0.89,broken clouds,2021-06-07 04:49:54
660,Brae,GB,60.3964,-1.353,44.51,75,97,2.33,overcast clouds,2021-06-07 04:48:46
661,Berlevag,NO,70.8578,29.0864,42.8,63,2,3.2,clear sky,2021-06-07 04:49:54
662,Matay,EG,28.419,30.7792,69.82,54,4,14.14,clear sky,2021-06-07 04:49:55
663,Elbistan,TR,38.2059,37.1983,60.75,45,0,1.3,clear sky,2021-06-07 04:49:55
664,Indiana,US,40.0003,-86.2503,72.48,86,90,9.22,overcast clouds,2021-06-07 04:49:55
665,Charleston,US,32.7766,-79.9309,79.02,94,90,3.0,mist,2021-06-07 04:46:31
666,Beloha,MG,-25.1667,45.05,63.73,73,20,13.4,few clouds,2021-06-07 04:49:56
667,Synya,RU,65.3718,58.0387,40.14,58,99,8.99,overcast clouds,2021-06-07 04:49:56
668,Dali,CN,25.7,100.1833,77.65,54,53,4.38,broken clouds,2021-06-07 04:49:56
669,Yavatmal,IN,20.4,78.1333,93.72,39,34,8.86,scattered clouds,2021-06-07 04:49:57
670,Inirida,CO,3.8653,-67.9239,72.0,99,61,3.18,broken clouds,2021-06-07 04:49:57
671,Doka,SD,13.5167,35.7667,83.89,51,97,14.88,overcast clouds,2021-06-07 04:49:57
672,Srisailam,IN,16.0833,78.8667,87.71,55,32,10.02,scattered clouds,2021-06-07 04:49:57
673,Andenes,NO,69.3143,16.1194,58.06,54,0,9.22,clear sky,2021-06-07 04:49:58
674,Stanari,BA,44.7472,17.8294,61.48,96,100,1.45,overcast clouds,2021-06-07 04:49:58
675,Sola,VU,-13.8833,167.55,80.11,75,78,14.7,broken clouds,2021-06-07 04:49:58
676,Qurayyat,SA,31.3318,37.3428,66.38,45,0,12.48,clear sky,2021-06-07 04:49:59
677,Kurchum,KZ,48.5722,83.6542,70.07,31,0,3.36,clear sky,2021-06-07 04:49:59
678,Puerto Del Rosario,ES,28.5004,-13.8627,69.55,73,100,14.97,overcast clouds,2021-06-07 04:49:59
679,Chikwawa,MW,-16.0335,34.8009,62.4,92,82,2.66,broken clouds,2021-06-07 04:50:00
680,Karasburg,NA,-28.0167,18.75,53.69,42,0,22.03,clear sky,2021-06-07 04:50:00
681,Shakawe,BW,-18.3667,21.85,44.85,81,3,5.3,clear sky,2021-06-07 04:50:00
682,Severodvinsk,RU,64.5635,39.8302,46.51,47,8,7.65,clear sky,2021-06-07 04:50:01
683,Mangit,UZ,40.5971,70.9607,94.28,25,84,9.53,broken clouds,2021-06-07 04:50:01
684,Champerico,GT,14.3,-91.9167,83.35,76,22,2.53,few clouds,2021-06-07 04:49:40
685,Kalevala,RU,65.2,31.1667,54.82,42,99,5.55,overcast clouds,2021-06-07 04:50:01
686,Monrovia,LR,6.3005,-10.7969,74.97,84,100,6.04,light rain,2021-06-07 04:47:49
687,Terrace,CA,54.5163,-128.6035,57.11,58,75,8.05,broken clouds,2021-06-07 04:50:02
688,Port-Gentil,GA,-0.7193,8.7815,77.85,88,100,7.29,light rain,2021-06-07 04:48:01
689,Fort Myers Beach,US,26.452,-81.9481,81.0,87,1,14.79,clear sky,2021-06-07 04:50:03
690,Otane,NZ,-39.8833,176.6333,57.0,85,100,7.4,overcast clouds,2021-06-07 04:50:03
